[28Dec2025 00:23:06.307] [main/INFO] [cpw.mods.modlauncher.Launcher/MODLAUNCHER]: ModLauncher running: args [--launchTarget, forgeclientuserdev, --version, MOD_DEV, --assetIndex, 5, --assetsDir, C:\Users\gumbr\.gradle\caches\forge_gradle\assets, --gameDir, ., --fml.forgeVersion, 47.4.9, --fml.mcVersion, 1.20.1, --fml.forgeGroup, net.minecraftforge, --fml.mcpVersion, 20230612.114412]
[28Dec2025 00:23:06.333] [main/INFO] [cpw.mods.modlauncher.Launcher/MODLAUNCHER]: ModLauncher 10.0.9+10.0.9+main.dcd20f30 starting: java version 17.0.16 by Oracle Corporation; OS Windows 11 arch amd64 version 10.0
[28Dec2025 00:23:06.444] [main/DEBUG] [cpw.mods.modlauncher.LaunchServiceHandler/MODLAUNCHER]: Found launch services [fmlclientdev,forgeclient,minecraft,forgegametestserverdev,fmlserveruserdev,fmlclient,fmldatauserdev,forgeserverdev,forgeserveruserdev,forgeclientdev,forgeclientuserdev,forgeserver,forgedatadev,fmlserver,fmlclientuserdev,fmlserverdev,forgedatauserdev,testharness,forgegametestserveruserdev]
[28Dec2025 00:23:06.477] [main/DEBUG] [cpw.mods.modlauncher.NameMappingServiceHandler/MODLAUNCHER]: Found naming services : [srgtomcp]
[28Dec2025 00:23:06.513] [main/DEBUG] [cpw.mods.modlauncher.LaunchPluginHandler/MODLAUNCHER]: Found launch plugins: [mixin,eventbus,slf4jfixer,object_holder_definalize,runtime_enum_extender,capability_token_subclass,accesstransformer,runtimedistcleaner]
[28Dec2025 00:23:06.534] [main/DEBUG] [cpw.mods.modlauncher.TransformationServicesHandler/MODLAUNCHER]: Discovering transformation services
[28Dec2025 00:23:06.551] [main/DEBUG] [net.minecraftforge.fml.loading.FMLPaths/CORE]: Path GAMEDIR is C:\Users\gumbr\source\repos\CobblemonMorph\run
[28Dec2025 00:23:06.551] [main/DEBUG] [net.minecraftforge.fml.loading.FMLPaths/CORE]: Path MODSDIR is C:\Users\gumbr\source\repos\CobblemonMorph\run\mods
[28Dec2025 00:23:06.552] [main/DEBUG] [net.minecraftforge.fml.loading.FMLPaths/CORE]: Path CONFIGDIR is C:\Users\gumbr\source\repos\CobblemonMorph\run\config
[28Dec2025 00:23:06.553] [main/DEBUG] [net.minecraftforge.fml.loading.FMLPaths/CORE]: Path FMLCONFIG is C:\Users\gumbr\source\repos\CobblemonMorph\run\config\fml.toml
[28Dec2025 00:23:10.068] [main/DEBUG] [cpw.mods.modlauncher.TransformationServicesHandler/MODLAUNCHER]: Found additional transformation services from discovery services: 
[28Dec2025 00:23:10.082] [main/INFO] [net.minecraftforge.fml.loading.ImmediateWindowHandler/]: Loading ImmediateWindowProvider fmlearlywindow
[28Dec2025 00:23:10.716] [main/INFO] [EARLYDISPLAY/]: Trying GL version 4.6
[28Dec2025 00:23:11.025] [main/INFO] [EARLYDISPLAY/]: Requested GL version 4.6 got version 4.6
[28Dec2025 00:23:11.253] [main/DEBUG] [cpw.mods.modlauncher.TransformationServicesHandler/MODLAUNCHER]: Found transformer services : [mixin,fml]
[28Dec2025 00:23:11.253] [main/DEBUG] [cpw.mods.modlauncher.TransformationServicesHandler/MODLAUNCHER]: Transformation services loading
[28Dec2025 00:23:11.255] [main/DEBUG] [cpw.mods.modlauncher.TransformationServiceDecorator/MODLAUNCHER]: Loading service mixin
[28Dec2025 00:23:11.255] [main/DEBUG] [cpw.mods.modlauncher.TransformationServiceDecorator/MODLAUNCHER]: Loaded service mixin
[28Dec2025 00:23:11.256] [main/DEBUG] [cpw.mods.modlauncher.TransformationServiceDecorator/MODLAUNCHER]: Loading service fml
[28Dec2025 00:23:11.261] [main/DEBUG] [net.minecraftforge.fml.loading.LauncherVersion/CORE]: Found FMLLauncher version 1.0
[28Dec2025 00:23:11.262] [main/DEBUG] [net.minecraftforge.fml.loading.FMLLoader/CORE]: FML 1.0 loading
[28Dec2025 00:23:11.263] [main/DEBUG] [net.minecraftforge.fml.loading.FMLLoader/CORE]: FML found ModLauncher version : 10.0.9+10.0.9+main.dcd20f30
[28Dec2025 00:23:11.263] [main/DEBUG] [net.minecraftforge.fml.loading.FMLLoader/CORE]: Requesting CoreMods to not apply the fix for ASMAPI.findFirstInstructionBefore by default
[28Dec2025 00:23:11.265] [main/DEBUG] [net.minecraftforge.fml.loading.FMLLoader/CORE]: FML found AccessTransformer version : 8.0.4+66+master.c09db6d7
[28Dec2025 00:23:11.266] [main/DEBUG] [net.minecraftforge.fml.loading.FMLLoader/CORE]: FML found EventBus version : 6.0.5+6.0.5+master.eb8e549b
[28Dec2025 00:23:11.267] [main/DEBUG] [net.minecraftforge.fml.loading.FMLLoader/CORE]: Found Runtime Dist Cleaner
[28Dec2025 00:23:11.273] [main/DEBUG] [net.minecraftforge.coremod.CoreModEngine/]: CoreMods will preserve legacy behavior of ASMAPI.findFirstInstructionBefore for backwards-compatibility
[28Dec2025 00:23:11.274] [main/DEBUG] [net.minecraftforge.fml.loading.FMLLoader/CORE]: FML found CoreMod version : 5.2.4
[28Dec2025 00:23:11.276] [main/DEBUG] [net.minecraftforge.fml.loading.FMLLoader/CORE]: Found ForgeSPI package implementation version 7.0.1+7.0.1+master.d2b38bf6
[28Dec2025 00:23:11.276] [main/DEBUG] [net.minecraftforge.fml.loading.FMLLoader/CORE]: Found ForgeSPI package specification 5
[28Dec2025 00:23:11.276] [main/DEBUG] [cpw.mods.modlauncher.TransformationServiceDecorator/MODLAUNCHER]: Loaded service fml
[28Dec2025 00:23:11.279] [main/DEBUG] [cpw.mods.modlauncher.TransformationServicesHandler/MODLAUNCHER]: Configuring option handling for services
[28Dec2025 00:23:11.287] [main/DEBUG] [cpw.mods.modlauncher.TransformationServicesHandler/MODLAUNCHER]: Transformation services initializing
[28Dec2025 00:23:11.288] [main/DEBUG] [cpw.mods.modlauncher.TransformationServiceDecorator/MODLAUNCHER]: Initializing transformation service mixin
[28Dec2025 00:23:11.321] [main/DEBUG] [mixin/]: MixinService [ModLauncher] was successfully booted in cpw.mods.cl.ModuleClassLoader@34b7ac2f
[28Dec2025 00:23:11.350] [main/INFO] [mixin/]: SpongePowered MIXIN Subsystem Version=0.8.6 Source=union:/C:/Users/gumbr/.gradle/caches/modules-2/files-2.1/org.spongepowered/mixin/0.8.6/c506686c29c922aa1e726178f27ec0e6fac4259/mixin-0.8.6.jar%23132!/ Service=ModLauncher Env=CLIENT
[28Dec2025 00:23:11.431] [main/DEBUG] [mixin/]: Initialising Mixin Platform Manager
[28Dec2025 00:23:11.432] [main/DEBUG] [mixin/]: Adding mixin platform agents for container ModLauncher Root Container(ModLauncher:4f56a0a2)
[28Dec2025 00:23:11.434] [main/DEBUG] [mixin/]: Instancing new MixinPlatformAgentMinecraftForge for ModLauncher Root Container(ModLauncher:4f56a0a2)
[28Dec2025 00:23:11.435] [main/DEBUG] [mixin/]: MixinPlatformAgentMinecraftForge rejected container ModLauncher Root Container(ModLauncher:4f56a0a2)
[28Dec2025 00:23:11.436] [main/DEBUG] [mixin/]: Instancing new MixinPlatformAgentDefault for ModLauncher Root Container(ModLauncher:4f56a0a2)
[28Dec2025 00:23:11.437] [main/DEBUG] [mixin/]: MixinPlatformAgentDefault accepted container ModLauncher Root Container(ModLauncher:4f56a0a2)
[28Dec2025 00:23:11.442] [main/DEBUG] [cpw.mods.modlauncher.TransformationServiceDecorator/MODLAUNCHER]: Initialized transformation service mixin
[28Dec2025 00:23:11.443] [main/DEBUG] [cpw.mods.modlauncher.TransformationServiceDecorator/MODLAUNCHER]: Initializing transformation service fml
[28Dec2025 00:23:11.443] [main/DEBUG] [net.minecraftforge.fml.loading.FMLServiceProvider/CORE]: Setting up basic FML game directories
[28Dec2025 00:23:11.444] [main/DEBUG] [net.minecraftforge.fml.loading.FMLPaths/CORE]: Path GAMEDIR is C:\Users\gumbr\source\repos\CobblemonMorph\run
[28Dec2025 00:23:11.445] [main/DEBUG] [net.minecraftforge.fml.loading.FMLPaths/CORE]: Path MODSDIR is C:\Users\gumbr\source\repos\CobblemonMorph\run\mods
[28Dec2025 00:23:11.445] [main/DEBUG] [net.minecraftforge.fml.loading.FMLPaths/CORE]: Path CONFIGDIR is C:\Users\gumbr\source\repos\CobblemonMorph\run\config
[28Dec2025 00:23:11.445] [main/DEBUG] [net.minecraftforge.fml.loading.FMLPaths/CORE]: Path FMLCONFIG is C:\Users\gumbr\source\repos\CobblemonMorph\run\config\fml.toml
[28Dec2025 00:23:11.445] [main/DEBUG] [net.minecraftforge.fml.loading.FMLServiceProvider/CORE]: Loading configuration
[28Dec2025 00:23:11.450] [main/DEBUG] [net.minecraftforge.fml.loading.FMLServiceProvider/CORE]: Preparing ModFile
[28Dec2025 00:23:11.455] [main/DEBUG] [net.minecraftforge.fml.loading.FMLServiceProvider/CORE]: Preparing launch handler
[28Dec2025 00:23:11.455] [main/DEBUG] [net.minecraftforge.fml.loading.FMLLoader/CORE]: Using forgeclientuserdev as launch service
[28Dec2025 00:23:11.486] [main/DEBUG] [net.minecraftforge.fml.loading.FMLLoader/CORE]: Received command line version data  : VersionInfo[forgeVersion=47.4.9, mcVersion=1.20.1, mcpVersion=20230612.114412, forgeGroup=net.minecraftforge]
[28Dec2025 00:23:11.489] [main/DEBUG] [cpw.mods.modlauncher.TransformationServiceDecorator/MODLAUNCHER]: Initialized transformation service fml
[28Dec2025 00:23:11.489] [main/DEBUG] [cpw.mods.modlauncher.NameMappingServiceHandler/MODLAUNCHER]: Current naming domain is 'mcp'
[28Dec2025 00:23:11.492] [main/DEBUG] [cpw.mods.modlauncher.NameMappingServiceHandler/MODLAUNCHER]: Identified name mapping providers {srg=srgtomcp:1234}
[28Dec2025 00:23:11.492] [main/DEBUG] [cpw.mods.modlauncher.TransformationServicesHandler/MODLAUNCHER]: Transformation services begin scanning
[28Dec2025 00:23:11.495] [main/DEBUG] [cpw.mods.modlauncher.TransformationServiceDecorator/MODLAUNCHER]: Beginning scan trigger - transformation service mixin
[28Dec2025 00:23:11.495] [main/DEBUG] [cpw.mods.modlauncher.TransformationServiceDecorator/MODLAUNCHER]: End scan trigger - transformation service mixin
[28Dec2025 00:23:11.496] [main/DEBUG] [cpw.mods.modlauncher.TransformationServiceDecorator/MODLAUNCHER]: Beginning scan trigger - transformation service fml
[28Dec2025 00:23:11.496] [main/DEBUG] [net.minecraftforge.fml.loading.FMLServiceProvider/CORE]: Initiating mod scan
[28Dec2025 00:23:11.518] [main/DEBUG] [net.minecraftforge.fml.loading.moddiscovery.ModListHandler/CORE]: Found mod coordinates from lists: []
[28Dec2025 00:23:11.527] [main/DEBUG] [net.minecraftforge.fml.loading.moddiscovery.ModDiscoverer/CORE]: Found Mod Locators : (mods folder:null),(maven libs:null),(exploded directory:null),(minecraft:null),(userdev classpath:null)
[28Dec2025 00:23:11.529] [main/DEBUG] [net.minecraftforge.fml.loading.moddiscovery.ModDiscoverer/CORE]: Found Dependency Locators : (JarInJar:null)
[28Dec2025 00:23:11.564] [pool-2-thread-1/INFO] [EARLYDISPLAY/]: GL info: AMD Radeon(TM) Graphics GL version 4.6.0 Core Profile Context 25.8.1.250617, ATI Technologies Inc.
[28Dec2025 00:23:11.596] [main/DEBUG] [net.minecraftforge.fml.loading.moddiscovery.ModFileParser/LOADING]: Considering mod file candidate C:\Users\gumbr\source\repos\CobblemonMorph\run\mods\cobblemon-forge-1.5.2-1.20.1.jar
[28Dec2025 00:23:11.699] [main/DEBUG] [net.minecraftforge.fml.loading.moddiscovery.ModFileInfo/LOADING]: Found valid mod file cobblemon-forge-1.5.2-1.20.1.jar with {cobblemon} mods - versions {1.5.2+1.20.1}
[28Dec2025 00:23:11.704] [main/DEBUG] [net.minecraftforge.fml.loading.moddiscovery.ModFileParser/LOADING]: Considering mod file candidate C:\Users\gumbr\source\repos\CobblemonMorph\run\mods\craftedcore-5.5.jar
[28Dec2025 00:23:11.707] [main/DEBUG] [net.minecraftforge.fml.loading.moddiscovery.ModFileInfo/LOADING]: Found valid mod file craftedcore-5.5.jar with {craftedcore} mods - versions {5.5}
[28Dec2025 00:23:11.809] [main/DEBUG] [net.minecraftforge.fml.loading.moddiscovery.ModFileParser/LOADING]: Considering mod file candidate C:\Users\gumbr\source\repos\CobblemonMorph\run\mods\remorphed-4.2.jar
[28Dec2025 00:23:11.811] [main/DEBUG] [net.minecraftforge.fml.loading.moddiscovery.ModFileInfo/LOADING]: Found valid mod file remorphed-4.2.jar with {remorphed} mods - versions {4.2}
[28Dec2025 00:23:11.818] [main/DEBUG] [net.minecraftforge.fml.loading.moddiscovery.ModFileParser/LOADING]: Considering mod file candidate C:\Users\gumbr\source\repos\CobblemonMorph\run\mods\walkers-5.2.jar
[28Dec2025 00:23:11.820] [main/DEBUG] [net.minecraftforge.fml.loading.moddiscovery.ModFileInfo/LOADING]: Found valid mod file walkers-5.2.jar with {walkers} mods - versions {5.2}
[28Dec2025 00:23:11.830] [main/DEBUG] [net.minecraftforge.fml.loading.targets.CommonLaunchHandler/CORE]: Got mod coordinates cobblemonmorph%%C:\Users\gumbr\source\repos\CobblemonMorph\build\sourcesSets\main from env
[28Dec2025 00:23:11.837] [main/DEBUG] [net.minecraftforge.fml.loading.targets.CommonLaunchHandler/CORE]: Found supplied mod coordinates [{cobblemonmorph=[C:\Users\gumbr\source\repos\CobblemonMorph\build\sourcesSets\main]}]
[28Dec2025 00:23:12.120] [main/DEBUG] [net.minecraftforge.fml.loading.moddiscovery.ModFileInfo/LOADING]: Found valid mod file forge-1.20.1-47.4.9_mapped_parchment_2023.09.03-1.20.1-recomp.jar with {minecraft} mods - versions {1.20.1}
[28Dec2025 00:23:12.132] [main/DEBUG] [net.minecraftforge.fml.loading.moddiscovery.ModFileParser/LOADING]: Considering mod file candidate C:\Users\gumbr\.gradle\caches\modules-2\files-2.1\net.minecraftforge\javafmllanguage\1.20.1-47.4.9\6802c410879d06cd2c16ac24988dd5893293e21c\javafmllanguage-1.20.1-47.4.9.jar
[28Dec2025 00:23:12.132] [main/WARN] [net.minecraftforge.fml.loading.moddiscovery.ModFileParser/LOADING]: Mod file C:\Users\gumbr\.gradle\caches\modules-2\files-2.1\net.minecraftforge\javafmllanguage\1.20.1-47.4.9\6802c410879d06cd2c16ac24988dd5893293e21c\javafmllanguage-1.20.1-47.4.9.jar is missing mods.toml file
[28Dec2025 00:23:12.139] [main/DEBUG] [net.minecraftforge.fml.loading.moddiscovery.ModFileParser/LOADING]: Considering mod file candidate C:\Users\gumbr\.gradle\caches\modules-2\files-2.1\net.minecraftforge\lowcodelanguage\1.20.1-47.4.9\1a098871d069f3cb2ed12f392f96f462902c0350\lowcodelanguage-1.20.1-47.4.9.jar
[28Dec2025 00:23:12.140] [main/WARN] [net.minecraftforge.fml.loading.moddiscovery.ModFileParser/LOADING]: Mod file C:\Users\gumbr\.gradle\caches\modules-2\files-2.1\net.minecraftforge\lowcodelanguage\1.20.1-47.4.9\1a098871d069f3cb2ed12f392f96f462902c0350\lowcodelanguage-1.20.1-47.4.9.jar is missing mods.toml file
[28Dec2025 00:23:12.146] [main/DEBUG] [net.minecraftforge.fml.loading.moddiscovery.ModFileParser/LOADING]: Considering mod file candidate C:\Users\gumbr\.gradle\caches\modules-2\files-2.1\net.minecraftforge\mclanguage\1.20.1-47.4.9\5279b751da7297817db4fa9729e3f3c7bf03d594\mclanguage-1.20.1-47.4.9.jar
[28Dec2025 00:23:12.148] [main/WARN] [net.minecraftforge.fml.loading.moddiscovery.ModFileParser/LOADING]: Mod file C:\Users\gumbr\.gradle\caches\modules-2\files-2.1\net.minecraftforge\mclanguage\1.20.1-47.4.9\5279b751da7297817db4fa9729e3f3c7bf03d594\mclanguage-1.20.1-47.4.9.jar is missing mods.toml file
[28Dec2025 00:23:12.154] [main/DEBUG] [net.minecraftforge.fml.loading.moddiscovery.ModFileParser/LOADING]: Considering mod file candidate C:\Users\gumbr\.gradle\caches\modules-2\files-2.1\net.minecraftforge\fmlcore\1.20.1-47.4.9\f4f03c369d155fb551ebf908db260a0c5600c29b\fmlcore-1.20.1-47.4.9.jar
[28Dec2025 00:23:12.156] [main/WARN] [net.minecraftforge.fml.loading.moddiscovery.ModFileParser/LOADING]: Mod file C:\Users\gumbr\.gradle\caches\modules-2\files-2.1\net.minecraftforge\fmlcore\1.20.1-47.4.9\f4f03c369d155fb551ebf908db260a0c5600c29b\fmlcore-1.20.1-47.4.9.jar is missing mods.toml file
[28Dec2025 00:23:12.170] [main/DEBUG] [net.minecraftforge.fml.loading.moddiscovery.ModFileParser/LOADING]: Considering mod file candidate C:\Users\gumbr\source\repos\CobblemonMorph\build\sourcesSets\main
[28Dec2025 00:23:12.178] [main/DEBUG] [net.minecraftforge.fml.loading.moddiscovery.ModFileInfo/LOADING]: Found valid mod file main with {cobblemonmorph} mods - versions {1.0.0}
[28Dec2025 00:23:12.186] [main/DEBUG] [net.minecraftforge.fml.loading.moddiscovery.ModFileParser/LOADING]: Considering mod file candidate /
[28Dec2025 00:23:12.189] [main/DEBUG] [net.minecraftforge.fml.loading.moddiscovery.ModFileInfo/LOADING]: Found valid mod file  with {forge} mods - versions {47.4.9}
[28Dec2025 00:23:12.282] [main/DEBUG] [net.minecraftforge.fml.loading.moddiscovery.ModFileParser/LOADING]: Considering mod file candidate C:\Users\gumbr\source\repos\CobblemonMorph\libs\cobblemon-forge-1.5.2-1.20.1.jar
[28Dec2025 00:23:12.285] [main/DEBUG] [net.minecraftforge.fml.loading.moddiscovery.ModFileInfo/LOADING]: Found valid mod file cobblemon-forge-1.5.2-1.20.1.jar with {cobblemon} mods - versions {1.5.2+1.20.1}
[28Dec2025 00:23:12.363] [main/DEBUG] [net.minecraftforge.fml.loading.moddiscovery.ModFileParser/LOADING]: Considering mod file candidate C:\Users\gumbr\source\repos\CobblemonMorph\libs\cobblemon-forge-1.5.2-1.20.1.jar
[28Dec2025 00:23:12.365] [main/DEBUG] [net.minecraftforge.fml.loading.moddiscovery.ModFileInfo/LOADING]: Found valid mod file cobblemon-forge-1.5.2-1.20.1.jar with {cobblemon} mods - versions {1.5.2+1.20.1}
[28Dec2025 00:23:12.536] [main/DEBUG] [net.minecraftforge.fml.loading.UniqueModListBuilder/]: Found 2 mods for first modid thedarkcolour.kotlinforforge, selecting most recent based on version data
[28Dec2025 00:23:12.537] [main/DEBUG] [net.minecraftforge.fml.loading.UniqueModListBuilder/]: Selected file kotlinforforge-4.11.0-all.jar for modid thedarkcolour.kotlinforforge with version 0.0NONE
[28Dec2025 00:23:12.537] [main/DEBUG] [net.minecraftforge.fml.loading.UniqueModListBuilder/]: Found 3 mods for first modid cobblemon, selecting most recent based on version data
[28Dec2025 00:23:12.537] [main/DEBUG] [net.minecraftforge.fml.loading.UniqueModListBuilder/]: Selected file cobblemon-forge-1.5.2-1.20.1.jar for modid cobblemon with version 1.5.2+1.20.1
[28Dec2025 00:23:12.558] [main/DEBUG] [net.minecraftforge.fml.loading.moddiscovery.AbstractJarFileDependencyLocator/]: Failed to load resource META-INF\jarjar\metadata.json from forge-1.20.1-47.4.9_mapped_parchment_2023.09.03-1.20.1-recomp.jar, it does not contain dependency information.
[28Dec2025 00:23:12.559] [main/DEBUG] [net.minecraftforge.fml.loading.moddiscovery.AbstractJarFileDependencyLocator/]: Failed to load resource META-INF\jarjar\metadata.json from walkers-5.2.jar, it does not contain dependency information.
[28Dec2025 00:23:12.561] [main/DEBUG] [net.minecraftforge.fml.loading.moddiscovery.AbstractJarFileDependencyLocator/]: Failed to load resource META-INF\jarjar\metadata.json from , it does not contain dependency information.
[28Dec2025 00:23:12.561] [main/DEBUG] [net.minecraftforge.fml.loading.moddiscovery.AbstractJarFileDependencyLocator/]: Failed to load resource META-INF\jarjar\metadata.json from remorphed-4.2.jar, it does not contain dependency information.
[28Dec2025 00:23:12.561] [main/DEBUG] [net.minecraftforge.fml.loading.moddiscovery.AbstractJarFileDependencyLocator/]: Failed to load resource META-INF\jarjar\metadata.json from main, it does not contain dependency information.
[28Dec2025 00:23:12.562] [main/DEBUG] [net.minecraftforge.fml.loading.moddiscovery.AbstractJarFileDependencyLocator/]: Failed to load resource META-INF\jarjar\metadata.json from cobblemon-forge-1.5.2-1.20.1.jar, it does not contain dependency information.
[28Dec2025 00:23:12.562] [main/DEBUG] [net.minecraftforge.fml.loading.moddiscovery.AbstractJarFileDependencyLocator/]: Failed to load resource META-INF\jarjar\metadata.json from mclanguage-1.20.1-47.4.9.jar, it does not contain dependency information.
[28Dec2025 00:23:12.562] [main/DEBUG] [net.minecraftforge.fml.loading.moddiscovery.AbstractJarFileDependencyLocator/]: Failed to load resource META-INF\jarjar\metadata.json from javafmllanguage-1.20.1-47.4.9.jar, it does not contain dependency information.
[28Dec2025 00:23:12.562] [main/DEBUG] [net.minecraftforge.fml.loading.moddiscovery.AbstractJarFileDependencyLocator/]: Failed to load resource META-INF\jarjar\metadata.json from fmlcore-1.20.1-47.4.9.jar, it does not contain dependency information.
[28Dec2025 00:23:12.563] [main/DEBUG] [net.minecraftforge.fml.loading.moddiscovery.AbstractJarFileDependencyLocator/]: Failed to load resource META-INF\jarjar\metadata.json from lowcodelanguage-1.20.1-47.4.9.jar, it does not contain dependency information.
[28Dec2025 00:23:12.685] [main/DEBUG] [net.minecraftforge.fml.loading.moddiscovery.ModFileParser/LOADING]: Considering mod file candidate 
[28Dec2025 00:23:12.688] [main/DEBUG] [net.minecraftforge.fml.loading.moddiscovery.ModFileInfo/LOADING]: Found valid mod file mixinextras-forge-0.4.1.jar with {mixinextras} mods - versions {0.4.1}
[28Dec2025 00:23:12.700] [main/DEBUG] [net.minecraftforge.fml.loading.moddiscovery.ModFileParser/LOADING]: Considering mod file candidate 
[28Dec2025 00:23:12.705] [main/DEBUG] [net.minecraftforge.fml.loading.moddiscovery.ModFileInfo/LOADING]: Found valid mod file kffmod-4.3.0.jar with {kotlinforforge} mods - versions {4.3.0}
[28Dec2025 00:23:12.719] [main/DEBUG] [net.minecraftforge.fml.loading.moddiscovery.AbstractJarFileDependencyLocator/]: Failed to load resource META-INF\jarjar\metadata.json from kfflang-4.3.0.jar, it does not contain dependency information.
[28Dec2025 00:23:12.720] [main/DEBUG] [net.minecraftforge.fml.loading.moddiscovery.AbstractJarFileDependencyLocator/]: Failed to load resource META-INF\jarjar\metadata.json from kfflib-4.3.0.jar, it does not contain dependency information.
[28Dec2025 00:23:12.720] [main/DEBUG] [net.minecraftforge.fml.loading.moddiscovery.AbstractJarFileDependencyLocator/]: Failed to load resource META-INF\jarjar\metadata.json from kffmod-4.3.0.jar, it does not contain dependency information.
[28Dec2025 00:23:12.721] [main/DEBUG] [net.minecraftforge.fml.loading.moddiscovery.AbstractJarFileDependencyLocator/]: Failed to load resource META-INF\jarjar\metadata.json from MixinExtras-0.4.1.jar, it does not contain dependency information.
[28Dec2025 00:23:12.791] [main/DEBUG] [net.minecraftforge.fml.loading.moddiscovery.ModFileParser/LOADING]: Considering mod file candidate 
[28Dec2025 00:23:12.793] [main/DEBUG] [net.minecraftforge.fml.loading.moddiscovery.ModFileInfo/LOADING]: Found valid mod file kffmod-4.3.0.jar with {kotlinforforge} mods - versions {4.3.0}
[28Dec2025 00:23:12.796] [main/DEBUG] [net.minecraftforge.fml.loading.moddiscovery.ModFileParser/LOADING]: Considering mod file candidate 
[28Dec2025 00:23:12.798] [main/DEBUG] [net.minecraftforge.fml.loading.moddiscovery.ModFileInfo/LOADING]: Found valid mod file mixinextras-forge-0.4.1.jar with {mixinextras} mods - versions {0.4.1}
[28Dec2025 00:23:12.809] [main/INFO] [net.minecraftforge.fml.loading.moddiscovery.JarInJarDependencyLocator/]: Found 5 dependencies adding them to mods collection
[28Dec2025 00:23:12.816] [main/DEBUG] [net.minecraftforge.fml.loading.moddiscovery.ModFileInfo/LOADING]: Found valid mod file forge-1.20.1-47.4.9_mapped_parchment_2023.09.03-1.20.1-recomp.jar with {minecraft} mods - versions {1.20.1}
[28Dec2025 00:23:12.821] [main/DEBUG] [net.minecraftforge.fml.loading.moddiscovery.ModFile/LOADING]: Loading mod file C:\Users\gumbr\.gradle\caches\forge_gradle\minecraft_user_repo\net\minecraftforge\forge\1.20.1-47.4.9_mapped_parchment_2023.09.03-1.20.1\forge-1.20.1-47.4.9_mapped_parchment_2023.09.03-1.20.1-recomp.jar with languages [LanguageSpec[languageName=minecraft, acceptedVersions=1]]
[28Dec2025 00:23:12.824] [main/DEBUG] [net.minecraftforge.fml.loading.moddiscovery.ModFileParser/LOADING]: Considering mod file candidate C:\Users\gumbr\source\repos\CobblemonMorph\run\mods\walkers-5.2.jar
[28Dec2025 00:23:12.826] [main/DEBUG] [net.minecraftforge.fml.loading.moddiscovery.ModFileInfo/LOADING]: Found valid mod file walkers-5.2.jar with {walkers} mods - versions {5.2}
[28Dec2025 00:23:12.827] [main/DEBUG] [net.minecraftforge.fml.loading.moddiscovery.ModFile/LOADING]: Loading mod file C:\Users\gumbr\source\repos\CobblemonMorph\run\mods\walkers-5.2.jar with languages [LanguageSpec[languageName=javafml, acceptedVersions=[1,)]]
[28Dec2025 00:23:12.827] [main/DEBUG] [net.minecraftforge.fml.loading.moddiscovery.ModFileParser/LOADING]: Considering mod file candidate 
[28Dec2025 00:23:12.829] [main/DEBUG] [net.minecraftforge.fml.loading.moddiscovery.ModFileInfo/LOADING]: Found valid mod file kffmod-4.3.0.jar with {kotlinforforge} mods - versions {4.3.0}
[28Dec2025 00:23:12.829] [main/DEBUG] [net.minecraftforge.fml.loading.moddiscovery.ModFile/LOADING]: Loading mod file  with languages [LanguageSpec[languageName=kotlinforforge, acceptedVersions=[4,)]]
[28Dec2025 00:23:12.829] [main/DEBUG] [net.minecraftforge.fml.loading.moddiscovery.ModFileParser/LOADING]: Considering mod file candidate /
[28Dec2025 00:23:12.831] [main/DEBUG] [net.minecraftforge.fml.loading.moddiscovery.ModFileInfo/LOADING]: Found valid mod file  with {forge} mods - versions {47.4.9}
[28Dec2025 00:23:12.831] [main/DEBUG] [net.minecraftforge.fml.loading.moddiscovery.ModFile/LOADING]: Loading mod file / with languages [LanguageSpec[languageName=javafml, acceptedVersions=[24,]]]
[28Dec2025 00:23:12.835] [main/DEBUG] [net.minecraftforge.fml.loading.moddiscovery.ModFileParser/LOADING]: Found coremod field_to_method with Javascript path coremods/field_to_method.js
[28Dec2025 00:23:12.836] [main/DEBUG] [net.minecraftforge.fml.loading.moddiscovery.ModFileParser/LOADING]: Found coremod field_to_instanceof with Javascript path coremods/field_to_instanceof.js
[28Dec2025 00:23:12.836] [main/DEBUG] [net.minecraftforge.fml.loading.moddiscovery.ModFileParser/LOADING]: Found coremod add_bouncer_method with Javascript path coremods/add_bouncer_method.js
[28Dec2025 00:23:12.836] [main/DEBUG] [net.minecraftforge.fml.loading.moddiscovery.ModFileParser/LOADING]: Found coremod method_redirector with Javascript path coremods/method_redirector.js
[28Dec2025 00:23:12.836] [main/DEBUG] [net.minecraftforge.fml.loading.moddiscovery.ModFile/LOADING]: Found coremod coremods/field_to_method.js
[28Dec2025 00:23:12.836] [main/DEBUG] [net.minecraftforge.fml.loading.moddiscovery.ModFile/LOADING]: Found coremod coremods/field_to_instanceof.js
[28Dec2025 00:23:12.838] [main/DEBUG] [net.minecraftforge.fml.loading.moddiscovery.ModFile/LOADING]: Found coremod coremods/add_bouncer_method.js
[28Dec2025 00:23:12.838] [main/DEBUG] [net.minecraftforge.fml.loading.moddiscovery.ModFile/LOADING]: Found coremod coremods/method_redirector.js
[28Dec2025 00:23:12.838] [main/DEBUG] [net.minecraftforge.fml.loading.moddiscovery.ModFileParser/LOADING]: Considering mod file candidate C:\Users\gumbr\source\repos\CobblemonMorph\run\mods\remorphed-4.2.jar
[28Dec2025 00:23:12.839] [main/DEBUG] [net.minecraftforge.fml.loading.moddiscovery.ModFileInfo/LOADING]: Found valid mod file remorphed-4.2.jar with {remorphed} mods - versions {4.2}
[28Dec2025 00:23:12.840] [main/DEBUG] [net.minecraftforge.fml.loading.moddiscovery.ModFile/LOADING]: Loading mod file C:\Users\gumbr\source\repos\CobblemonMorph\run\mods\remorphed-4.2.jar with languages [LanguageSpec[languageName=javafml, acceptedVersions=[1,)]]
[28Dec2025 00:23:12.840] [main/DEBUG] [net.minecraftforge.fml.loading.moddiscovery.ModFileParser/LOADING]: Considering mod file candidate C:\Users\gumbr\source\repos\CobblemonMorph\run\mods\craftedcore-5.5.jar
[28Dec2025 00:23:12.842] [main/DEBUG] [net.minecraftforge.fml.loading.moddiscovery.ModFileInfo/LOADING]: Found valid mod file craftedcore-5.5.jar with {craftedcore} mods - versions {5.5}
[28Dec2025 00:23:12.843] [main/DEBUG] [net.minecraftforge.fml.loading.moddiscovery.ModFile/LOADING]: Loading mod file C:\Users\gumbr\source\repos\CobblemonMorph\run\mods\craftedcore-5.5.jar with languages [LanguageSpec[languageName=javafml, acceptedVersions=[1,)]]
[28Dec2025 00:23:12.843] [main/DEBUG] [net.minecraftforge.fml.loading.moddiscovery.ModFileParser/LOADING]: Considering mod file candidate C:\Users\gumbr\source\repos\CobblemonMorph\build\sourcesSets\main
[28Dec2025 00:23:12.847] [main/DEBUG] [net.minecraftforge.fml.loading.moddiscovery.ModFileInfo/LOADING]: Found valid mod file main with {cobblemonmorph} mods - versions {1.0.0}
[28Dec2025 00:23:12.847] [main/DEBUG] [net.minecraftforge.fml.loading.moddiscovery.ModFile/LOADING]: Loading mod file C:\Users\gumbr\source\repos\CobblemonMorph\build\sourcesSets\main with languages [LanguageSpec[languageName=javafml, acceptedVersions=[47,)]]
[28Dec2025 00:23:12.849] [main/DEBUG] [net.minecraftforge.fml.loading.moddiscovery.ModFileParser/LOADING]: Considering mod file candidate C:\Users\gumbr\source\repos\CobblemonMorph\run\mods\cobblemon-forge-1.5.2-1.20.1.jar
[28Dec2025 00:23:12.850] [main/DEBUG] [net.minecraftforge.fml.loading.moddiscovery.ModFileInfo/LOADING]: Found valid mod file cobblemon-forge-1.5.2-1.20.1.jar with {cobblemon} mods - versions {1.5.2+1.20.1}
[28Dec2025 00:23:12.851] [main/DEBUG] [net.minecraftforge.fml.loading.moddiscovery.ModFile/LOADING]: Loading mod file C:\Users\gumbr\source\repos\CobblemonMorph\run\mods\cobblemon-forge-1.5.2-1.20.1.jar with languages [LanguageSpec[languageName=kotlinforforge, acceptedVersions=[3,)]]
[28Dec2025 00:23:12.852] [main/DEBUG] [net.minecraftforge.fml.loading.moddiscovery.ModFile/LOADING]: Loading mod file  with languages []
[28Dec2025 00:23:12.852] [main/DEBUG] [net.minecraftforge.fml.loading.moddiscovery.ModFileParser/LOADING]: Considering mod file candidate 
[28Dec2025 00:23:12.853] [main/DEBUG] [net.minecraftforge.fml.loading.moddiscovery.ModFileInfo/LOADING]: Found valid mod file mixinextras-forge-0.4.1.jar with {mixinextras} mods - versions {0.4.1}
[28Dec2025 00:23:12.854] [main/DEBUG] [net.minecraftforge.fml.loading.moddiscovery.ModFile/LOADING]: Loading mod file  with languages [LanguageSpec[languageName=javafml, acceptedVersions=*]]
[28Dec2025 00:23:12.854] [main/DEBUG] [net.minecraftforge.fml.loading.moddiscovery.ModFile/LOADING]: Loading mod file  with languages []
[28Dec2025 00:23:12.854] [main/DEBUG] [net.minecraftforge.fml.loading.moddiscovery.ModFile/LOADING]: Loading mod file  with languages []
[28Dec2025 00:23:12.854] [main/DEBUG] [net.minecraftforge.fml.loading.moddiscovery.ModFileParser/LOADING]: Considering mod file candidate 
[28Dec2025 00:23:12.854] [main/DEBUG] [net.minecraftforge.fml.loading.moddiscovery.ModFileInfo/LOADING]: Found valid mod file mixinextras-forge-0.4.1.jar with {mixinextras} mods - versions {0.4.1}
[28Dec2025 00:23:12.855] [main/DEBUG] [net.minecraftforge.fml.loading.moddiscovery.ModFile/LOADING]: Loading mod file  with languages [LanguageSpec[languageName=javafml, acceptedVersions=*]]
[28Dec2025 00:23:12.855] [main/DEBUG] [net.minecraftforge.fml.loading.moddiscovery.ModFile/LOADING]: Loading mod file  with languages []
[28Dec2025 00:23:12.859] [main/DEBUG] [cpw.mods.modlauncher.TransformationServiceDecorator/MODLAUNCHER]: End scan trigger - transformation service fml
[28Dec2025 00:23:12.900] [main/DEBUG] [net.minecraftforge.fml.loading.LanguageLoadingProvider/CORE]: Found 4 language providers
[28Dec2025 00:23:12.902] [main/DEBUG] [net.minecraftforge.fml.loading.LanguageLoadingProvider/CORE]: Found language provider minecraft, version 1.0
[28Dec2025 00:23:12.904] [main/DEBUG] [net.minecraftforge.fml.loading.LanguageLoadingProvider/CORE]: Found language provider javafml, version 47
[28Dec2025 00:23:12.905] [main/DEBUG] [net.minecraftforge.fml.loading.LanguageLoadingProvider/CORE]: Found language provider kotlinforforge, version 4.3.0
[28Dec2025 00:23:12.906] [main/DEBUG] [net.minecraftforge.fml.loading.LanguageLoadingProvider/CORE]: Found language provider lowcodefml, version 47
[28Dec2025 00:23:12.921] [main/DEBUG] [net.minecraftforge.fml.loading.UniqueModListBuilder/]: Found 2 mods for first modid MixinExtras, selecting most recent based on version data
[28Dec2025 00:23:12.923] [main/DEBUG] [net.minecraftforge.fml.loading.UniqueModListBuilder/]: Selected file MixinExtras-0.4.1.jar for modid MixinExtras with version 0.0NONE
[28Dec2025 00:23:12.923] [main/DEBUG] [net.minecraftforge.fml.loading.UniqueModListBuilder/]: Found 2 mods for first modid mixinextras, selecting most recent based on version data
[28Dec2025 00:23:12.925] [main/DEBUG] [net.minecraftforge.fml.loading.UniqueModListBuilder/]: Selected file mixinextras-forge-0.4.1.jar for modid mixinextras with version 0.4.1
[28Dec2025 00:23:12.925] [main/DEBUG] [net.minecraftforge.fml.loading.UniqueModListBuilder/]: Found 2 mods for first modid thedarkcolour.kotlinforforge.lib, selecting most recent based on version data
[28Dec2025 00:23:12.925] [main/DEBUG] [net.minecraftforge.fml.loading.UniqueModListBuilder/]: Selected file kfflib-4.3.0.jar for modid thedarkcolour.kotlinforforge.lib with version 4.3.0
[28Dec2025 00:23:12.929] [main/DEBUG] [net.minecraftforge.fml.loading.ModSorter/]: Configured system mods: [minecraft, forge]
[28Dec2025 00:23:12.929] [main/DEBUG] [net.minecraftforge.fml.loading.ModSorter/]: Found system mod: minecraft
[28Dec2025 00:23:12.929] [main/DEBUG] [net.minecraftforge.fml.loading.ModSorter/]: Found system mod: forge
[28Dec2025 00:23:12.938] [main/DEBUG] [net.minecraftforge.fml.loading.ModSorter/LOADING]: Found 16 mod requirements (16 mandatory, 0 optional)
[28Dec2025 00:23:12.942] [main/DEBUG] [net.minecraftforge.fml.loading.ModSorter/LOADING]: Found 0 mod requirements missing (0 mandatory, 0 optional)
[28Dec2025 00:23:13.855] [main/DEBUG] [net.minecraftforge.fml.loading.MCPNamingService/CORE]: Loaded 34318 method mappings from methods.csv
[28Dec2025 00:23:13.917] [main/DEBUG] [net.minecraftforge.fml.loading.MCPNamingService/CORE]: Loaded 31014 field mappings from fields.csv
[28Dec2025 00:23:14.034] [main/DEBUG] [cpw.mods.modlauncher.TransformationServicesHandler/MODLAUNCHER]: Transformation services loading transformers
[28Dec2025 00:23:14.035] [main/DEBUG] [cpw.mods.modlauncher.TransformationServiceDecorator/MODLAUNCHER]: Initializing transformers for transformation service mixin
[28Dec2025 00:23:14.038] [main/DEBUG] [cpw.mods.modlauncher.TransformationServiceDecorator/MODLAUNCHER]: Initialized transformers for transformation service mixin
[28Dec2025 00:23:14.038] [main/DEBUG] [cpw.mods.modlauncher.TransformationServiceDecorator/MODLAUNCHER]: Initializing transformers for transformation service fml
[28Dec2025 00:23:14.038] [main/DEBUG] [net.minecraftforge.fml.loading.FMLServiceProvider/CORE]: Loading coremod transformers
[28Dec2025 00:23:14.039] [main/DEBUG] [net.minecraftforge.coremod.CoreModEngine/COREMOD]: Loading CoreMod from coremods/field_to_method.js
[28Dec2025 00:23:14.617] [main/DEBUG] [net.minecraftforge.coremod.CoreModEngine/COREMOD]: CoreMod loaded successfully
[28Dec2025 00:23:14.617] [main/DEBUG] [net.minecraftforge.coremod.CoreModEngine/COREMOD]: Loading CoreMod from coremods/field_to_instanceof.js
[28Dec2025 00:23:14.834] [main/DEBUG] [net.minecraftforge.coremod.CoreModEngine/COREMOD]: CoreMod loaded successfully
[28Dec2025 00:23:14.834] [main/DEBUG] [net.minecraftforge.coremod.CoreModEngine/COREMOD]: Loading CoreMod from coremods/add_bouncer_method.js
[28Dec2025 00:23:14.938] [main/DEBUG] [net.minecraftforge.coremod.CoreModEngine/COREMOD]: CoreMod loaded successfully
[28Dec2025 00:23:14.939] [main/DEBUG] [net.minecraftforge.coremod.CoreModEngine/COREMOD]: Loading CoreMod from coremods/method_redirector.js
[28Dec2025 00:23:15.090] [main/DEBUG] [net.minecraftforge.coremod.CoreModEngine/COREMOD]: CoreMod loaded successfully
[28Dec2025 00:23:15.148] [main/DEBUG] [cpw.mods.modlauncher.TransformStore/MODLAUNCHER]: Adding transformer net.minecraftforge.coremod.transformer.CoreModClassTransformer@4da39ca9 to Target : CLASS {Lnet/minecraft/world/level/biome/Biome;} {} {V}
[28Dec2025 00:23:15.151] [main/DEBUG] [cpw.mods.modlauncher.TransformStore/MODLAUNCHER]: Adding transformer net.minecraftforge.coremod.transformer.CoreModClassTransformer@9301672 to Target : CLASS {Lnet/minecraft/world/level/levelgen/structure/Structure;} {} {V}
[28Dec2025 00:23:15.152] [main/DEBUG] [cpw.mods.modlauncher.TransformStore/MODLAUNCHER]: Adding transformer net.minecraftforge.coremod.transformer.CoreModClassTransformer@4ceff87d to Target : CLASS {Lnet/minecraft/world/effect/MobEffectInstance;} {} {V}
[28Dec2025 00:23:15.152] [main/DEBUG] [cpw.mods.modlauncher.TransformStore/MODLAUNCHER]: Adding transformer net.minecraftforge.coremod.transformer.CoreModClassTransformer@3238e2aa to Target : CLASS {Lnet/minecraft/world/level/block/LiquidBlock;} {} {V}
[28Dec2025 00:23:15.153] [main/DEBUG] [cpw.mods.modlauncher.TransformStore/MODLAUNCHER]: Adding transformer net.minecraftforge.coremod.transformer.CoreModClassTransformer@2c7db926 to Target : CLASS {Lnet/minecraft/world/item/BucketItem;} {} {V}
[28Dec2025 00:23:15.153] [main/DEBUG] [cpw.mods.modlauncher.TransformStore/MODLAUNCHER]: Adding transformer net.minecraftforge.coremod.transformer.CoreModClassTransformer@2577a95d to Target : CLASS {Lnet/minecraft/world/level/block/StairBlock;} {} {V}
[28Dec2025 00:23:15.153] [main/DEBUG] [cpw.mods.modlauncher.TransformStore/MODLAUNCHER]: Adding transformer net.minecraftforge.coremod.transformer.CoreModClassTransformer@1668919e to Target : CLASS {Lnet/minecraft/world/level/block/FlowerPotBlock;} {} {V}
[28Dec2025 00:23:15.154] [main/DEBUG] [cpw.mods.modlauncher.TransformStore/MODLAUNCHER]: Adding transformer net.minecraftforge.coremod.transformer.CoreModClassTransformer@63300c4b to Target : CLASS {Lnet/minecraft/world/item/ItemStack;} {} {V}
[28Dec2025 00:23:15.154] [main/DEBUG] [cpw.mods.modlauncher.TransformStore/MODLAUNCHER]: Adding transformer net.minecraftforge.coremod.transformer.CoreModClassTransformer@22c53d82 to Target : CLASS {Lnet/minecraft/network/play/client/CClientSettingsPacket;} {} {V}
[28Dec2025 00:23:15.154] [main/DEBUG] [cpw.mods.modlauncher.TransformStore/MODLAUNCHER]: Adding transformer net.minecraftforge.coremod.transformer.CoreModClassTransformer@3a6045c6 to Target : CLASS {Lnet/minecraft/server/commands/SummonCommand;} {} {V}
[28Dec2025 00:23:15.154] [main/DEBUG] [cpw.mods.modlauncher.TransformStore/MODLAUNCHER]: Adding transformer net.minecraftforge.coremod.transformer.CoreModClassTransformer@3a6045c6 to Target : CLASS {Lnet/minecraft/world/level/levelgen/structure/templatesystem/StructureTemplate;} {} {V}
[28Dec2025 00:23:15.154] [main/DEBUG] [cpw.mods.modlauncher.TransformStore/MODLAUNCHER]: Adding transformer net.minecraftforge.coremod.transformer.CoreModClassTransformer@3a6045c6 to Target : CLASS {Lnet/minecraft/world/level/levelgen/structure/structures/OceanMonumentPieces$OceanMonumentPiece;} {} {V}
[28Dec2025 00:23:15.155] [main/DEBUG] [cpw.mods.modlauncher.TransformStore/MODLAUNCHER]: Adding transformer net.minecraftforge.coremod.transformer.CoreModClassTransformer@3a6045c6 to Target : CLASS {Lnet/minecraft/world/entity/ai/village/VillageSiege;} {} {V}
[28Dec2025 00:23:15.155] [main/DEBUG] [cpw.mods.modlauncher.TransformStore/MODLAUNCHER]: Adding transformer net.minecraftforge.coremod.transformer.CoreModClassTransformer@3a6045c6 to Target : CLASS {Lnet/minecraft/world/entity/monster/Evoker$EvokerSummonSpellGoal;} {} {V}
[28Dec2025 00:23:15.155] [main/DEBUG] [cpw.mods.modlauncher.TransformStore/MODLAUNCHER]: Adding transformer net.minecraftforge.coremod.transformer.CoreModClassTransformer@3a6045c6 to Target : CLASS {Lnet/minecraft/server/commands/RaidCommand;} {} {V}
[28Dec2025 00:23:15.155] [main/DEBUG] [cpw.mods.modlauncher.TransformStore/MODLAUNCHER]: Adding transformer net.minecraftforge.coremod.transformer.CoreModClassTransformer@3a6045c6 to Target : CLASS {Lnet/minecraft/world/level/NaturalSpawner;} {} {V}
[28Dec2025 00:23:15.155] [main/DEBUG] [cpw.mods.modlauncher.TransformStore/MODLAUNCHER]: Adding transformer net.minecraftforge.coremod.transformer.CoreModClassTransformer@3a6045c6 to Target : CLASS {Lnet/minecraft/world/level/levelgen/structure/structures/OceanRuinPieces$OceanRuinPiece;} {} {V}
[28Dec2025 00:23:15.155] [main/DEBUG] [cpw.mods.modlauncher.TransformStore/MODLAUNCHER]: Adding transformer net.minecraftforge.coremod.transformer.CoreModClassTransformer@3a6045c6 to Target : CLASS {Lnet/minecraft/world/entity/npc/Villager;} {} {V}
[28Dec2025 00:23:15.156] [main/DEBUG] [cpw.mods.modlauncher.TransformStore/MODLAUNCHER]: Adding transformer net.minecraftforge.coremod.transformer.CoreModClassTransformer@3a6045c6 to Target : CLASS {Lnet/minecraft/world/entity/animal/frog/Tadpole;} {} {V}
[28Dec2025 00:23:15.156] [main/DEBUG] [cpw.mods.modlauncher.TransformStore/MODLAUNCHER]: Adding transformer net.minecraftforge.coremod.transformer.CoreModClassTransformer@3a6045c6 to Target : CLASS {Lnet/minecraft/world/level/levelgen/PatrolSpawner;} {} {V}
[28Dec2025 00:23:15.157] [main/DEBUG] [cpw.mods.modlauncher.TransformStore/MODLAUNCHER]: Adding transformer net.minecraftforge.coremod.transformer.CoreModClassTransformer@3a6045c6 to Target : CLASS {Lnet/minecraft/world/entity/raid/Raid;} {} {V}
[28Dec2025 00:23:15.157] [main/DEBUG] [cpw.mods.modlauncher.TransformStore/MODLAUNCHER]: Adding transformer net.minecraftforge.coremod.transformer.CoreModClassTransformer@3a6045c6 to Target : CLASS {Lnet/minecraft/world/level/levelgen/structure/structures/SwampHutPiece;} {} {V}
[28Dec2025 00:23:15.160] [main/DEBUG] [cpw.mods.modlauncher.TransformStore/MODLAUNCHER]: Adding transformer net.minecraftforge.coremod.transformer.CoreModClassTransformer@3a6045c6 to Target : CLASS {Lnet/minecraft/world/level/levelgen/PhantomSpawner;} {} {V}
[28Dec2025 00:23:15.160] [main/DEBUG] [cpw.mods.modlauncher.TransformStore/MODLAUNCHER]: Adding transformer net.minecraftforge.coremod.transformer.CoreModClassTransformer@3a6045c6 to Target : CLASS {Lnet/minecraft/world/entity/npc/CatSpawner;} {} {V}
[28Dec2025 00:23:15.160] [main/DEBUG] [cpw.mods.modlauncher.TransformStore/MODLAUNCHER]: Adding transformer net.minecraftforge.coremod.transformer.CoreModClassTransformer@3a6045c6 to Target : CLASS {Lnet/minecraft/world/entity/animal/horse/SkeletonTrapGoal;} {} {V}
[28Dec2025 00:23:15.160] [main/DEBUG] [cpw.mods.modlauncher.TransformStore/MODLAUNCHER]: Adding transformer net.minecraftforge.coremod.transformer.CoreModClassTransformer@3a6045c6 to Target : CLASS {Lnet/minecraft/world/entity/EntityType;} {} {V}
[28Dec2025 00:23:15.161] [main/DEBUG] [cpw.mods.modlauncher.TransformStore/MODLAUNCHER]: Adding transformer net.minecraftforge.coremod.transformer.CoreModClassTransformer@3a6045c6 to Target : CLASS {Lnet/minecraft/world/entity/monster/ZombieVillager;} {} {V}
[28Dec2025 00:23:15.161] [main/DEBUG] [cpw.mods.modlauncher.TransformStore/MODLAUNCHER]: Adding transformer net.minecraftforge.coremod.transformer.CoreModClassTransformer@3a6045c6 to Target : CLASS {Lnet/minecraft/world/entity/monster/Strider;} {} {V}
[28Dec2025 00:23:15.161] [main/DEBUG] [cpw.mods.modlauncher.TransformStore/MODLAUNCHER]: Adding transformer net.minecraftforge.coremod.transformer.CoreModClassTransformer@3a6045c6 to Target : CLASS {Lnet/minecraft/world/level/levelgen/structure/structures/WoodlandMansionPieces$WoodlandMansionPiece;} {} {V}
[28Dec2025 00:23:15.162] [main/DEBUG] [cpw.mods.modlauncher.TransformStore/MODLAUNCHER]: Adding transformer net.minecraftforge.coremod.transformer.CoreModClassTransformer@3a6045c6 to Target : CLASS {Lnet/minecraft/world/entity/monster/Spider;} {} {V}
[28Dec2025 00:23:15.162] [main/DEBUG] [cpw.mods.modlauncher.TransformStore/MODLAUNCHER]: Adding transformer net.minecraftforge.coremod.transformer.CoreModClassTransformer@3a6045c6 to Target : CLASS {Lnet/minecraft/world/entity/monster/Zombie;} {} {V}
[28Dec2025 00:23:15.162] [main/DEBUG] [cpw.mods.modlauncher.TransformationServiceDecorator/MODLAUNCHER]: Initialized transformers for transformation service fml
[28Dec2025 00:23:26.292] [main/DEBUG] [mixin/]: Processing prepare() for PlatformAgent[MixinPlatformAgentDefault:ModLauncher Root Container(ModLauncher:4f56a0a2)]
[28Dec2025 00:23:26.292] [main/DEBUG] [mixin/]: Processing launch tasks for PlatformAgent[MixinPlatformAgentDefault:ModLauncher Root Container(ModLauncher:4f56a0a2)]
[28Dec2025 00:23:26.293] [main/DEBUG] [mixin/]: Adding mixin platform agents for container SecureJarResource(mixin.synthetic)
[28Dec2025 00:23:26.293] [main/DEBUG] [mixin/]: Instancing new MixinPlatformAgentMinecraftForge for SecureJarResource(mixin.synthetic)
[28Dec2025 00:23:26.293] [main/DEBUG] [mixin/]: MixinPlatformAgentMinecraftForge rejected container SecureJarResource(mixin.synthetic)
[28Dec2025 00:23:26.293] [main/DEBUG] [mixin/]: Instancing new MixinPlatformAgentDefault for SecureJarResource(mixin.synthetic)
[28Dec2025 00:23:26.294] [main/DEBUG] [mixin/]: MixinPlatformAgentDefault accepted container SecureJarResource(mixin.synthetic)
[28Dec2025 00:23:26.294] [main/DEBUG] [mixin/]: Processing prepare() for PlatformAgent[MixinPlatformAgentDefault:SecureJarResource(mixin.synthetic)]
[28Dec2025 00:23:26.294] [main/DEBUG] [mixin/]: Adding mixin platform agents for container SecureJarResource(minecraft)
[28Dec2025 00:23:26.294] [main/DEBUG] [mixin/]: Instancing new MixinPlatformAgentMinecraftForge for SecureJarResource(minecraft)
[28Dec2025 00:23:26.294] [main/DEBUG] [mixin/]: MixinPlatformAgentMinecraftForge rejected container SecureJarResource(minecraft)
[28Dec2025 00:23:26.295] [main/DEBUG] [mixin/]: Instancing new MixinPlatformAgentDefault for SecureJarResource(minecraft)
[28Dec2025 00:23:26.295] [main/DEBUG] [mixin/]: MixinPlatformAgentDefault accepted container SecureJarResource(minecraft)
[28Dec2025 00:23:26.295] [main/DEBUG] [mixin/]: Processing prepare() for PlatformAgent[MixinPlatformAgentDefault:SecureJarResource(minecraft)]
[28Dec2025 00:23:26.295] [main/DEBUG] [mixin/]: Adding mixin platform agents for container SecureJarResource(mixinextras)
[28Dec2025 00:23:26.296] [main/DEBUG] [mixin/]: Instancing new MixinPlatformAgentMinecraftForge for SecureJarResource(mixinextras)
[28Dec2025 00:23:26.296] [main/DEBUG] [mixin/]: MixinPlatformAgentMinecraftForge rejected container SecureJarResource(mixinextras)
[28Dec2025 00:23:26.296] [main/DEBUG] [mixin/]: Instancing new MixinPlatformAgentDefault for SecureJarResource(mixinextras)
[28Dec2025 00:23:26.296] [main/DEBUG] [mixin/]: MixinPlatformAgentDefault accepted container SecureJarResource(mixinextras)
[28Dec2025 00:23:26.296] [main/DEBUG] [mixin/]: Processing prepare() for PlatformAgent[MixinPlatformAgentDefault:SecureJarResource(mixinextras)]
[28Dec2025 00:23:26.296] [main/DEBUG] [mixin/]: Registering mixin config: mixinextras.init.mixins.json source=SecureJarResource(mixinextras)
[28Dec2025 00:23:26.328] [main/DEBUG] [mixin/]: Adding mixin platform agents for container SecureJarResource(kotlinforforge)
[28Dec2025 00:23:26.328] [main/DEBUG] [mixin/]: Instancing new MixinPlatformAgentMinecraftForge for SecureJarResource(kotlinforforge)
[28Dec2025 00:23:26.328] [main/DEBUG] [mixin/]: MixinPlatformAgentMinecraftForge rejected container SecureJarResource(kotlinforforge)
[28Dec2025 00:23:26.328] [main/DEBUG] [mixin/]: Instancing new MixinPlatformAgentDefault for SecureJarResource(kotlinforforge)
[28Dec2025 00:23:26.330] [main/DEBUG] [mixin/]: MixinPlatformAgentDefault accepted container SecureJarResource(kotlinforforge)
[28Dec2025 00:23:26.330] [main/DEBUG] [mixin/]: Processing prepare() for PlatformAgent[MixinPlatformAgentDefault:SecureJarResource(kotlinforforge)]
[28Dec2025 00:23:26.330] [main/DEBUG] [mixin/]: Adding mixin platform agents for container SecureJarResource(forge)
[28Dec2025 00:23:26.330] [main/DEBUG] [mixin/]: Instancing new MixinPlatformAgentMinecraftForge for SecureJarResource(forge)
[28Dec2025 00:23:26.330] [main/DEBUG] [mixin/]: MixinPlatformAgentMinecraftForge rejected container SecureJarResource(forge)
[28Dec2025 00:23:26.330] [main/DEBUG] [mixin/]: Instancing new MixinPlatformAgentDefault for SecureJarResource(forge)
[28Dec2025 00:23:26.331] [main/DEBUG] [mixin/]: MixinPlatformAgentDefault accepted container SecureJarResource(forge)
[28Dec2025 00:23:26.331] [main/DEBUG] [mixin/]: Processing prepare() for PlatformAgent[MixinPlatformAgentDefault:SecureJarResource(forge)]
[28Dec2025 00:23:26.331] [main/DEBUG] [mixin/]: Adding mixin platform agents for container SecureJarResource(craftedcore)
[28Dec2025 00:23:26.331] [main/DEBUG] [mixin/]: Instancing new MixinPlatformAgentMinecraftForge for SecureJarResource(craftedcore)
[28Dec2025 00:23:26.331] [main/DEBUG] [mixin/]: MixinPlatformAgentMinecraftForge rejected container SecureJarResource(craftedcore)
[28Dec2025 00:23:26.331] [main/DEBUG] [mixin/]: Instancing new MixinPlatformAgentDefault for SecureJarResource(craftedcore)
[28Dec2025 00:23:26.332] [main/DEBUG] [mixin/]: MixinPlatformAgentDefault accepted container SecureJarResource(craftedcore)
[28Dec2025 00:23:26.332] [main/DEBUG] [mixin/]: Processing prepare() for PlatformAgent[MixinPlatformAgentDefault:SecureJarResource(craftedcore)]
[28Dec2025 00:23:26.332] [main/DEBUG] [mixin/]: Registering mixin config: craftedcore.mixins.json source=SecureJarResource(craftedcore)
[28Dec2025 00:23:26.337] [main/WARN] [mixin/]: Compatibility level JAVA_17 specified by craftedcore.mixins.json is higher than the maximum level supported by this version of mixin (JAVA_13).
[28Dec2025 00:23:26.338] [main/INFO] [mixin/]: Compatibility level set to JAVA_17
[28Dec2025 00:23:26.339] [main/DEBUG] [mixin/]: Adding mixin platform agents for container SecureJarResource(walkers)
[28Dec2025 00:23:26.339] [main/DEBUG] [mixin/]: Instancing new MixinPlatformAgentMinecraftForge for SecureJarResource(walkers)
[28Dec2025 00:23:26.340] [main/DEBUG] [mixin/]: MixinPlatformAgentMinecraftForge rejected container SecureJarResource(walkers)
[28Dec2025 00:23:26.341] [main/DEBUG] [mixin/]: Instancing new MixinPlatformAgentDefault for SecureJarResource(walkers)
[28Dec2025 00:23:26.341] [main/DEBUG] [mixin/]: MixinPlatformAgentDefault accepted container SecureJarResource(walkers)
[28Dec2025 00:23:26.341] [main/DEBUG] [mixin/]: Processing prepare() for PlatformAgent[MixinPlatformAgentDefault:SecureJarResource(walkers)]
[28Dec2025 00:23:26.342] [main/DEBUG] [mixin/]: Registering mixin config: walkers.mixins.json source=SecureJarResource(walkers)
[28Dec2025 00:23:26.345] [main/DEBUG] [mixin/]: Adding mixin platform agents for container SecureJarResource(remorphed)
[28Dec2025 00:23:26.346] [main/DEBUG] [mixin/]: Instancing new MixinPlatformAgentMinecraftForge for SecureJarResource(remorphed)
[28Dec2025 00:23:26.346] [main/DEBUG] [mixin/]: MixinPlatformAgentMinecraftForge rejected container SecureJarResource(remorphed)
[28Dec2025 00:23:26.346] [main/DEBUG] [mixin/]: Instancing new MixinPlatformAgentDefault for SecureJarResource(remorphed)
[28Dec2025 00:23:26.346] [main/DEBUG] [mixin/]: MixinPlatformAgentDefault accepted container SecureJarResource(remorphed)
[28Dec2025 00:23:26.347] [main/DEBUG] [mixin/]: Processing prepare() for PlatformAgent[MixinPlatformAgentDefault:SecureJarResource(remorphed)]
[28Dec2025 00:23:26.347] [main/DEBUG] [mixin/]: Registering mixin config: remorphed.mixins.json source=SecureJarResource(remorphed)
[28Dec2025 00:23:26.351] [main/DEBUG] [mixin/]: Adding mixin platform agents for container SecureJarResource(cobblemonmorph)
[28Dec2025 00:23:26.351] [main/DEBUG] [mixin/]: Instancing new MixinPlatformAgentMinecraftForge for SecureJarResource(cobblemonmorph)
[28Dec2025 00:23:26.351] [main/DEBUG] [mixin/]: MixinPlatformAgentMinecraftForge rejected container SecureJarResource(cobblemonmorph)
[28Dec2025 00:23:26.351] [main/DEBUG] [mixin/]: Instancing new MixinPlatformAgentDefault for SecureJarResource(cobblemonmorph)
[28Dec2025 00:23:26.353] [main/DEBUG] [mixin/]: MixinPlatformAgentDefault accepted container SecureJarResource(cobblemonmorph)
[28Dec2025 00:23:26.353] [main/DEBUG] [mixin/]: Processing prepare() for PlatformAgent[MixinPlatformAgentDefault:SecureJarResource(cobblemonmorph)]
[28Dec2025 00:23:26.353] [main/DEBUG] [mixin/]: Adding mixin platform agents for container SecureJarResource(cobblemon)
[28Dec2025 00:23:26.353] [main/DEBUG] [mixin/]: Instancing new MixinPlatformAgentMinecraftForge for SecureJarResource(cobblemon)
[28Dec2025 00:23:26.353] [main/DEBUG] [mixin/]: MixinPlatformAgentMinecraftForge rejected container SecureJarResource(cobblemon)
[28Dec2025 00:23:26.353] [main/DEBUG] [mixin/]: Instancing new MixinPlatformAgentDefault for SecureJarResource(cobblemon)
[28Dec2025 00:23:26.353] [main/DEBUG] [mixin/]: MixinPlatformAgentDefault accepted container SecureJarResource(cobblemon)
[28Dec2025 00:23:26.353] [main/DEBUG] [mixin/]: Processing prepare() for PlatformAgent[MixinPlatformAgentDefault:SecureJarResource(cobblemon)]
[28Dec2025 00:23:26.354] [main/DEBUG] [mixin/]: Registering mixin config: mixins.cobblemon-forge.json source=SecureJarResource(cobblemon)
[28Dec2025 00:23:26.359] [main/INFO] [mixin/]: Compatibility level JAVA_8 specified by mixins.cobblemon-forge.json is lower than the default level supported by the current mixin service (JAVA_16).
[28Dec2025 00:23:26.360] [main/DEBUG] [mixin/]: Registering mixin config: mixins.cobblemon-common.json source=SecureJarResource(cobblemon)
[28Dec2025 00:23:26.362] [main/DEBUG] [mixin/]: Adding mixin platform agents for container SecureJarResource(MixinExtras)
[28Dec2025 00:23:26.364] [main/DEBUG] [mixin/]: Instancing new MixinPlatformAgentMinecraftForge for SecureJarResource(MixinExtras)
[28Dec2025 00:23:26.364] [main/DEBUG] [mixin/]: MixinPlatformAgentMinecraftForge rejected container SecureJarResource(MixinExtras)
[28Dec2025 00:23:26.365] [main/DEBUG] [mixin/]: Instancing new MixinPlatformAgentDefault for SecureJarResource(MixinExtras)
[28Dec2025 00:23:26.365] [main/DEBUG] [mixin/]: MixinPlatformAgentDefault accepted container SecureJarResource(MixinExtras)
[28Dec2025 00:23:26.365] [main/DEBUG] [mixin/]: Processing prepare() for PlatformAgent[MixinPlatformAgentDefault:SecureJarResource(MixinExtras)]
[28Dec2025 00:23:26.365] [main/DEBUG] [mixin/]: Adding mixin platform agents for container SecureJarResource(thedarkcolour.kotlinforforge.lib)
[28Dec2025 00:23:26.365] [main/DEBUG] [mixin/]: Instancing new MixinPlatformAgentMinecraftForge for SecureJarResource(thedarkcolour.kotlinforforge.lib)
[28Dec2025 00:23:26.365] [main/DEBUG] [mixin/]: MixinPlatformAgentMinecraftForge rejected container SecureJarResource(thedarkcolour.kotlinforforge.lib)
[28Dec2025 00:23:26.365] [main/DEBUG] [mixin/]: Instancing new MixinPlatformAgentDefault for SecureJarResource(thedarkcolour.kotlinforforge.lib)
[28Dec2025 00:23:26.365] [main/DEBUG] [mixin/]: MixinPlatformAgentDefault accepted container SecureJarResource(thedarkcolour.kotlinforforge.lib)
[28Dec2025 00:23:26.366] [main/DEBUG] [mixin/]: Processing prepare() for PlatformAgent[MixinPlatformAgentDefault:SecureJarResource(thedarkcolour.kotlinforforge.lib)]
[28Dec2025 00:23:26.366] [main/DEBUG] [mixin/]: inject() running with 13 agents
[28Dec2025 00:23:26.366] [main/DEBUG] [mixin/]: Processing inject() for PlatformAgent[MixinPlatformAgentDefault:ModLauncher Root Container(ModLauncher:4f56a0a2)]
[28Dec2025 00:23:26.366] [main/DEBUG] [mixin/]: Processing inject() for PlatformAgent[MixinPlatformAgentDefault:SecureJarResource(mixin.synthetic)]
[28Dec2025 00:23:26.366] [main/DEBUG] [mixin/]: Processing inject() for PlatformAgent[MixinPlatformAgentDefault:SecureJarResource(minecraft)]
[28Dec2025 00:23:26.366] [main/DEBUG] [mixin/]: Processing inject() for PlatformAgent[MixinPlatformAgentDefault:SecureJarResource(mixinextras)]
[28Dec2025 00:23:26.366] [main/DEBUG] [mixin/]: Processing inject() for PlatformAgent[MixinPlatformAgentDefault:SecureJarResource(kotlinforforge)]
[28Dec2025 00:23:26.366] [main/DEBUG] [mixin/]: Processing inject() for PlatformAgent[MixinPlatformAgentDefault:SecureJarResource(forge)]
[28Dec2025 00:23:26.366] [main/DEBUG] [mixin/]: Processing inject() for PlatformAgent[MixinPlatformAgentDefault:SecureJarResource(craftedcore)]
[28Dec2025 00:23:26.366] [main/DEBUG] [mixin/]: Processing inject() for PlatformAgent[MixinPlatformAgentDefault:SecureJarResource(walkers)]
[28Dec2025 00:23:26.366] [main/DEBUG] [mixin/]: Processing inject() for PlatformAgent[MixinPlatformAgentDefault:SecureJarResource(remorphed)]
[28Dec2025 00:23:26.367] [main/DEBUG] [mixin/]: Processing inject() for PlatformAgent[MixinPlatformAgentDefault:SecureJarResource(cobblemonmorph)]
[28Dec2025 00:23:26.367] [main/DEBUG] [mixin/]: Processing inject() for PlatformAgent[MixinPlatformAgentDefault:SecureJarResource(cobblemon)]
[28Dec2025 00:23:26.367] [main/DEBUG] [mixin/]: Processing inject() for PlatformAgent[MixinPlatformAgentDefault:SecureJarResource(MixinExtras)]
[28Dec2025 00:23:26.367] [main/DEBUG] [mixin/]: Processing inject() for PlatformAgent[MixinPlatformAgentDefault:SecureJarResource(thedarkcolour.kotlinforforge.lib)]
[28Dec2025 00:23:26.367] [main/INFO] [cpw.mods.modlauncher.LaunchServiceHandler/MODLAUNCHER]: Launching target 'forgeclientuserdev' with arguments [--version, MOD_DEV, --gameDir, ., --assetsDir, C:\Users\gumbr\.gradle\caches\forge_gradle\assets, --assetIndex, 5]
[28Dec2025 00:23:26.402] [main/INFO] [mixin/]: Attempting to load Hot-Swap agent
[28Dec2025 00:23:26.534] [main/INFO] [mixin/]: Preparing mixins for MixinEnvironment[DEFAULT]
[28Dec2025 00:23:26.535] [main/INFO] [mixin/]: Selecting config mixinextras.init.mixins.json
[28Dec2025 00:23:26.617] [main/DEBUG] [MixinExtras|Service/]: com.llamalad7.mixinextras.service.MixinExtrasServiceImpl(version=0.4.1) is taking over from null
[28Dec2025 00:23:26.703] [main/DEBUG] [mixin/]: Registering new injector for @Inject with org.spongepowered.asm.mixin.injection.struct.CallbackInjectionInfo
[28Dec2025 00:23:26.709] [main/DEBUG] [mixin/]: Registering new injector for @ModifyArg with org.spongepowered.asm.mixin.injection.struct.ModifyArgInjectionInfo
[28Dec2025 00:23:26.712] [main/DEBUG] [mixin/]: Registering new injector for @ModifyArgs with org.spongepowered.asm.mixin.injection.struct.ModifyArgsInjectionInfo
[28Dec2025 00:23:26.716] [main/DEBUG] [mixin/]: Registering new injector for @Redirect with org.spongepowered.asm.mixin.injection.struct.RedirectInjectionInfo
[28Dec2025 00:23:26.721] [main/DEBUG] [mixin/]: Registering new injector for @ModifyVariable with org.spongepowered.asm.mixin.injection.struct.ModifyVariableInjectionInfo
[28Dec2025 00:23:26.725] [main/DEBUG] [mixin/]: Registering new injector for @ModifyConstant with org.spongepowered.asm.mixin.injection.struct.ModifyConstantInjectionInfo
[28Dec2025 00:23:26.752] [main/INFO] [mixin/]: Selecting config craftedcore.mixins.json
[28Dec2025 00:23:26.754] [main/INFO] [mixin/]: Selecting config walkers.mixins.json
[28Dec2025 00:23:26.758] [main/INFO] [mixin/]: Selecting config remorphed.mixins.json
[28Dec2025 00:23:26.761] [main/INFO] [mixin/]: Selecting config mixins.cobblemon-forge.json
[28Dec2025 00:23:26.765] [main/INFO] [mixin/]: Selecting config mixins.cobblemon-common.json
[28Dec2025 00:23:26.770] [main/INFO] [mixin/]: Preparing mixinextras.init.mixins.json (0)
[28Dec2025 00:23:26.771] [main/INFO] [mixin/]: Preparing craftedcore.mixins.json (10)
[28Dec2025 00:23:26.830] [main/DEBUG] [mixin.agent/]: Mixin class tocraft.craftedcore.mixin.CrashReportCategoryMixin added to class loader
[28Dec2025 00:23:26.834] [main/DEBUG] [mixin.agent/]: Mixin class tocraft.craftedcore.mixin.CrashReportMixin added to class loader
[28Dec2025 00:23:26.868] [main/DEBUG] [mixin.agent/]: Mixin class tocraft.craftedcore.mixin.MinecraftServerMixin added to class loader
[28Dec2025 00:23:26.874] [main/DEBUG] [mixin.agent/]: Mixin class tocraft.craftedcore.mixin.PlayerAdvancementsMixin added to class loader
[28Dec2025 00:23:26.882] [main/DEBUG] [mixin.agent/]: Mixin class tocraft.craftedcore.mixin.PlayerListMixin added to class loader
[28Dec2025 00:23:26.914] [main/DEBUG] [mixin.agent/]: Mixin class tocraft.craftedcore.mixin.PlayerMixin added to class loader
[28Dec2025 00:23:26.936] [main/DEBUG] [mixin.agent/]: Mixin class tocraft.craftedcore.mixin.ServerPlayerMixin added to class loader
[28Dec2025 00:23:26.952] [main/DEBUG] [mixin.agent/]: Mixin class tocraft.craftedcore.mixin.MultiPlayerGameModeMixin added to class loader
[28Dec2025 00:23:26.975] [main/DEBUG] [mixin.agent/]: Mixin class tocraft.craftedcore.mixin.client.ClientPacketListenerMixin added to class loader
[28Dec2025 00:23:27.003] [main/DEBUG] [mixin.agent/]: Mixin class tocraft.craftedcore.mixin.client.MinecraftMixin added to class loader
[28Dec2025 00:23:27.004] [main/INFO] [mixin/]: Preparing walkers.mixins.json (76)
[28Dec2025 00:23:27.123] [main/DEBUG] [mixin.agent/]: Mixin class tocraft.walkers.mixin.ActiveTargetGoalMixin added to class loader
[28Dec2025 00:23:27.127] [main/DEBUG] [mixin.agent/]: Mixin class tocraft.walkers.mixin.AvoidEntityGoalMixin added to class loader
[28Dec2025 00:23:27.144] [main/DEBUG] [mixin.agent/]: Mixin class tocraft.walkers.mixin.AxolotlAttackablesSensorMixin added to class loader
[28Dec2025 00:23:27.149] [main/DEBUG] [mixin.agent/]: Mixin class tocraft.walkers.mixin.EnderManMixin added to class loader
[28Dec2025 00:23:27.182] [main/DEBUG] [mixin.agent/]: Mixin class tocraft.walkers.mixin.EntityMixin added to class loader
[28Dec2025 00:23:27.185] [main/DEBUG] [mixin.agent/]: Mixin class tocraft.walkers.mixin.EntityTrackerAccessor added to class loader
[28Dec2025 00:23:27.198] [main/DEBUG] [mixin.agent/]: Mixin class tocraft.walkers.mixin.FoxEntityMixin added to class loader
[28Dec2025 00:23:27.201] [main/DEBUG] [mixin.agent/]: Mixin class tocraft.walkers.mixin.HoglinBrainMixin added to class loader
[28Dec2025 00:23:27.225] [main/DEBUG] [mixin.agent/]: Mixin class tocraft.walkers.mixin.LivingEntityFoodMixin added to class loader
[28Dec2025 00:23:27.225] [main/DEBUG] [mixin.agent/]: Mixin class tocraft.walkers.mixin.LivingEntityMixin added to class loader
[28Dec2025 00:23:27.228] [main/DEBUG] [mixin.agent/]: Mixin class tocraft.walkers.mixin.LookAtPlayerGoalMixin added to class loader
[28Dec2025 00:23:27.243] [main/DEBUG] [mixin.agent/]: Mixin class tocraft.walkers.mixin.MobEntityDataMixin added to class loader
[28Dec2025 00:23:27.244] [main/DEBUG] [mixin.agent/]: Mixin class tocraft.walkers.mixin.MobHunterPreyMixin added to class loader
[28Dec2025 00:23:27.251] [main/DEBUG] [mixin.agent/]: Mixin class tocraft.walkers.mixin.PiglinBrainMixin added to class loader
[28Dec2025 00:23:27.253] [main/DEBUG] [mixin.agent/]: Mixin class tocraft.walkers.mixin.PiglinBruteBrainMixin added to class loader
[28Dec2025 00:23:27.257] [main/DEBUG] [mixin.agent/]: Mixin class tocraft.walkers.mixin.PiglinSensorMixin added to class loader
[28Dec2025 00:23:27.258] [main/DEBUG] [mixin.agent/]: Mixin class tocraft.walkers.mixin.PlayerManagerMixin added to class loader
[28Dec2025 00:23:27.259] [main/DEBUG] [mixin.agent/]: Mixin class tocraft.walkers.mixin.PlayerSwimmingMixin added to class loader
[28Dec2025 00:23:27.264] [main/DEBUG] [mixin.agent/]: Mixin class tocraft.walkers.mixin.PowderSnowBlockMixin added to class loader
[28Dec2025 00:23:27.267] [main/DEBUG] [mixin.agent/]: Mixin class tocraft.walkers.mixin.RavagerEntityMixin added to class loader
[28Dec2025 00:23:27.270] [main/DEBUG] [mixin.agent/]: Mixin class tocraft.walkers.mixin.ServerPlayerGameModeMixin added to class loader
[28Dec2025 00:23:27.275] [main/DEBUG] [mixin.agent/]: Mixin class tocraft.walkers.mixin.SlimeMixin added to class loader
[28Dec2025 00:23:27.278] [main/DEBUG] [mixin.agent/]: Mixin class tocraft.walkers.mixin.SweetBerryBushBlockMixin added to class loader
[28Dec2025 00:23:27.290] [main/DEBUG] [mixin.agent/]: Mixin class tocraft.walkers.mixin.ThreadedAnvilChunkStorageAccessor added to class loader
[28Dec2025 00:23:27.295] [main/DEBUG] [mixin.agent/]: Mixin class tocraft.walkers.mixin.TrackTargetGoalMixin added to class loader
[28Dec2025 00:23:27.312] [main/DEBUG] [net.minecraftforge.coremod.transformer.CoreModBaseTransformer/COREMOD]: Transforming net/minecraft/world/entity/npc/Villager
[28Dec2025 00:23:27.890] [main/DEBUG] [mixin.agent/]: Mixin class tocraft.walkers.mixin.VillagerEntityMixin added to class loader
[28Dec2025 00:23:27.892] [main/DEBUG] [mixin.agent/]: Mixin class tocraft.walkers.mixin.VillagerHostilesSensorMixin added to class loader
[28Dec2025 00:23:27.895] [main/DEBUG] [mixin.agent/]: Mixin class tocraft.walkers.mixin.WitchMixin added to class loader
[28Dec2025 00:23:27.900] [main/DEBUG] [mixin.agent/]: Mixin class tocraft.walkers.mixin.WolfEntityMixin added to class loader
[28Dec2025 00:23:27.904] [main/DEBUG] [mixin.agent/]: Mixin class tocraft.walkers.mixin.accessor.AllayAccessor added to class loader
[28Dec2025 00:23:27.908] [main/DEBUG] [mixin.agent/]: Mixin class tocraft.walkers.mixin.accessor.AxolotlEntityAccessor added to class loader
[28Dec2025 00:23:27.917] [main/DEBUG] [mixin.agent/]: Mixin class tocraft.walkers.mixin.accessor.AbstractHorseAccessor added to class loader
[28Dec2025 00:23:27.919] [main/DEBUG] [net.minecraftforge.coremod.transformer.CoreModBaseTransformer/COREMOD]: Transforming net/minecraft/world/level/biome/Biome
[28Dec2025 00:23:27.939] [main/ERROR] [net.minecraftforge.coremod.transformer.CoreModBaseTransformer/COREMOD]: Error occurred applying transform of coremod coremods/field_to_method.js function biome
java.lang.IllegalStateException: Field climateSettings is not private and an instance field
	at net.minecraftforge.coremod.api.ASMAPI.redirectFieldToMethod(ASMAPI.java:1069) ~[coremods-5.2.4.jar:?]
	at org.openjdk.nashorn.internal.scripts.Script$Recompilation$16$292A$\^eval\_.initializeCoreMod#transformer(<eval>:11) ~[?:?]
	at org.openjdk.nashorn.internal.runtime.ScriptFunctionData.invoke(ScriptFunctionData.java:648) ~[nashorn-core-15.4.jar:?]
	at org.openjdk.nashorn.internal.runtime.ScriptFunction.invoke(ScriptFunction.java:513) ~[nashorn-core-15.4.jar:?]
	at org.openjdk.nashorn.internal.runtime.ScriptRuntime.apply(ScriptRuntime.java:520) ~[nashorn-core-15.4.jar:?]
	at org.openjdk.nashorn.api.scripting.ScriptObjectMirror.call(ScriptObjectMirror.java:111) ~[nashorn-core-15.4.jar:?]
	at net.minecraftforge.coremod.NashornFactory.lambda$getFunction$0(NashornFactory.java:37) ~[coremods-5.2.4.jar:5.2.4]
	at net.minecraftforge.coremod.transformer.CoreModClassTransformer.runCoremod(CoreModClassTransformer.java:22) ~[coremods-5.2.4.jar:?]
	at net.minecraftforge.coremod.transformer.CoreModClassTransformer.runCoremod(CoreModClassTransformer.java:14) ~[coremods-5.2.4.jar:?]
	at net.minecraftforge.coremod.transformer.CoreModBaseTransformer.transform(CoreModBaseTransformer.java:60) ~[coremods-5.2.4.jar:?]
	at cpw.mods.modlauncher.TransformerHolder.transform(TransformerHolder.java:41) ~[modlauncher-10.0.9.jar:?]
	at cpw.mods.modlauncher.ClassTransformer.performVote(ClassTransformer.java:179) ~[modlauncher-10.0.9.jar:?]
	at cpw.mods.modlauncher.ClassTransformer.transform(ClassTransformer.java:117) ~[modlauncher-10.0.9.jar:?]
	at cpw.mods.modlauncher.TransformingClassLoader.maybeTransformClassBytes(TransformingClassLoader.java:50) ~[modlauncher-10.0.9.jar:?]
	at cpw.mods.cl.ModuleClassLoader.getMaybeTransformedClassBytes(ModuleClassLoader.java:250) ~[securejarhandler-2.1.10.jar:?]
	at cpw.mods.modlauncher.TransformingClassLoader.buildTransformedClassNodeFor(TransformingClassLoader.java:58) ~[modlauncher-10.0.9.jar:?]
	at cpw.mods.modlauncher.LaunchPluginHandler.lambda$announceLaunch$10(LaunchPluginHandler.java:100) ~[modlauncher-10.0.9.jar:?]
	at org.spongepowered.asm.launch.MixinLaunchPluginLegacy.getClassNode(MixinLaunchPluginLegacy.java:222) ~[mixin-0.8.6.jar:0.8.6+Jenkins-b315.git-2c9a96700c879eb33dba214e945d84ba2488b0ad]
	at org.spongepowered.asm.launch.MixinLaunchPluginLegacy.getClassNode(MixinLaunchPluginLegacy.java:207) ~[mixin-0.8.6.jar:0.8.6+Jenkins-b315.git-2c9a96700c879eb33dba214e945d84ba2488b0ad]
	at org.spongepowered.asm.mixin.transformer.ClassInfo.forName(ClassInfo.java:2005) ~[mixin-0.8.6.jar:0.8.6+Jenkins-b315.git-2c9a96700c879eb33dba214e945d84ba2488b0ad]
	at org.spongepowered.asm.mixin.transformer.MixinInfo.getTargetClass(MixinInfo.java:1017) ~[mixin-0.8.6.jar:0.8.6+Jenkins-b315.git-2c9a96700c879eb33dba214e945d84ba2488b0ad]
	at org.spongepowered.asm.mixin.transformer.MixinInfo.readTargetClasses(MixinInfo.java:1007) ~[mixin-0.8.6.jar:0.8.6+Jenkins-b315.git-2c9a96700c879eb33dba214e945d84ba2488b0ad]
	at org.spongepowered.asm.mixin.transformer.MixinInfo.parseTargets(MixinInfo.java:895) ~[mixin-0.8.6.jar:0.8.6+Jenkins-b315.git-2c9a96700c879eb33dba214e945d84ba2488b0ad]
	at org.spongepowered.asm.mixin.transformer.MixinConfig.prepareMixins(MixinConfig.java:949) ~[mixin-0.8.6.jar:0.8.6+Jenkins-b315.git-2c9a96700c879eb33dba214e945d84ba2488b0ad]
	at org.spongepowered.asm.mixin.transformer.MixinConfig.prepare(MixinConfig.java:857) ~[mixin-0.8.6.jar:0.8.6+Jenkins-b315.git-2c9a96700c879eb33dba214e945d84ba2488b0ad]
	at org.spongepowered.asm.mixin.transformer.MixinProcessor.prepareConfigs(MixinProcessor.java:539) ~[mixin-0.8.6.jar:0.8.6+Jenkins-b315.git-2c9a96700c879eb33dba214e945d84ba2488b0ad]
	at org.spongepowered.asm.mixin.transformer.MixinProcessor.select(MixinProcessor.java:462) ~[mixin-0.8.6.jar:0.8.6+Jenkins-b315.git-2c9a96700c879eb33dba214e945d84ba2488b0ad]
	at org.spongepowered.asm.mixin.transformer.MixinProcessor.checkSelect(MixinProcessor.java:438) ~[mixin-0.8.6.jar:0.8.6+Jenkins-b315.git-2c9a96700c879eb33dba214e945d84ba2488b0ad]
	at org.spongepowered.asm.mixin.transformer.MixinProcessor.applyMixins(MixinProcessor.java:290) ~[mixin-0.8.6.jar:0.8.6+Jenkins-b315.git-2c9a96700c879eb33dba214e945d84ba2488b0ad]
	at org.spongepowered.asm.mixin.transformer.MixinTransformer.transformClass(MixinTransformer.java:250) ~[mixin-0.8.6.jar:0.8.6+Jenkins-b315.git-2c9a96700c879eb33dba214e945d84ba2488b0ad]
	at org.spongepowered.asm.service.modlauncher.MixinTransformationHandler.processClass(MixinTransformationHandler.java:131) ~[mixin-0.8.6.jar:0.8.6+Jenkins-b315.git-2c9a96700c879eb33dba214e945d84ba2488b0ad]
	at org.spongepowered.asm.launch.MixinLaunchPluginLegacy.processClass(MixinLaunchPluginLegacy.java:131) ~[mixin-0.8.6.jar:0.8.6+Jenkins-b315.git-2c9a96700c879eb33dba214e945d84ba2488b0ad]
	at cpw.mods.modlauncher.serviceapi.ILaunchPluginService.processClassWithFlags(ILaunchPluginService.java:156) ~[modlauncher-10.0.9.jar:10.0.9+10.0.9+main.dcd20f30]
	at cpw.mods.modlauncher.LaunchPluginHandler.offerClassNodeToPlugins(LaunchPluginHandler.java:88) ~[modlauncher-10.0.9.jar:?]
	at cpw.mods.modlauncher.ClassTransformer.transform(ClassTransformer.java:120) ~[modlauncher-10.0.9.jar:?]
	at cpw.mods.modlauncher.TransformingClassLoader.maybeTransformClassBytes(TransformingClassLoader.java:50) ~[modlauncher-10.0.9.jar:?]
	at cpw.mods.cl.ModuleClassLoader.readerToClass(ModuleClassLoader.java:113) ~[securejarhandler-2.1.10.jar:?]
	at cpw.mods.cl.ModuleClassLoader.lambda$findClass$15(ModuleClassLoader.java:219) ~[securejarhandler-2.1.10.jar:?]
	at cpw.mods.cl.ModuleClassLoader.loadFromModule(ModuleClassLoader.java:229) ~[securejarhandler-2.1.10.jar:?]
	at cpw.mods.cl.ModuleClassLoader.findClass(ModuleClassLoader.java:219) ~[securejarhandler-2.1.10.jar:?]
	at java.lang.ClassLoader.loadClass(ClassLoader.java:637) ~[?:?]
	at java.lang.Class.forName(Class.java:545) ~[?:?]
	at net.minecraftforge.fml.earlydisplay.DisplayWindow.lambda$updateModuleReads$13(DisplayWindow.java:615) ~[fmlearlydisplay-1.20.1-47.4.9.jar:1.0]
	at java.util.Optional.map(Optional.java:260) ~[?:?]
	at net.minecraftforge.fml.earlydisplay.DisplayWindow.updateModuleReads(DisplayWindow.java:615) ~[fmlearlydisplay-1.20.1-47.4.9.jar:1.0]
	at net.minecraftforge.fml.loading.ImmediateWindowHandler.acceptGameLayer(ImmediateWindowHandler.java:71) ~[fmlloader-1.20.1-47.4.9.jar:1.0]
	at net.minecraftforge.fml.loading.FMLLoader.beforeStart(FMLLoader.java:216) ~[fmlloader-1.20.1-47.4.9.jar:1.0]
	at net.minecraftforge.fml.loading.targets.CommonLaunchHandler.launchService(CommonLaunchHandler.java:92) ~[fmlloader-1.20.1-47.4.9.jar:?]
	at cpw.mods.modlauncher.LaunchServiceHandlerDecorator.launch(LaunchServiceHandlerDecorator.java:30) ~[modlauncher-10.0.9.jar:?]
	at cpw.mods.modlauncher.LaunchServiceHandler.launch(LaunchServiceHandler.java:53) ~[modlauncher-10.0.9.jar:?]
	at cpw.mods.modlauncher.LaunchServiceHandler.launch(LaunchServiceHandler.java:71) ~[modlauncher-10.0.9.jar:?]
	at cpw.mods.modlauncher.Launcher.run(Launcher.java:108) ~[modlauncher-10.0.9.jar:?]
	at cpw.mods.modlauncher.Launcher.main(Launcher.java:78) ~[modlauncher-10.0.9.jar:?]
	at cpw.mods.modlauncher.BootstrapLaunchConsumer.accept(BootstrapLaunchConsumer.java:26) ~[modlauncher-10.0.9.jar:?]
	at cpw.mods.modlauncher.BootstrapLaunchConsumer.accept(BootstrapLaunchConsumer.java:23) ~[modlauncher-10.0.9.jar:?]
	at cpw.mods.bootstraplauncher.BootstrapLauncher.main(BootstrapLauncher.java:141) ~[bootstraplauncher-1.1.2.jar:?]
[28Dec2025 00:23:28.085] [main/DEBUG] [mixin.agent/]: Mixin class tocraft.walkers.mixin.accessor.BiomeAccessor added to class loader
[28Dec2025 00:23:28.088] [main/DEBUG] [mixin.agent/]: Mixin class tocraft.walkers.mixin.accessor.CreeperEntityAccessor added to class loader
[28Dec2025 00:23:28.092] [main/DEBUG] [mixin.agent/]: Mixin class tocraft.walkers.mixin.accessor.DolphinAccessor added to class loader
[28Dec2025 00:23:28.094] [main/DEBUG] [mixin.agent/]: Mixin class tocraft.walkers.mixin.accessor.EntityAccessor added to class loader
[28Dec2025 00:23:28.094] [main/DEBUG] [mixin.agent/]: Mixin class tocraft.walkers.mixin.accessor.FoxEntityAccessor added to class loader
[28Dec2025 00:23:28.097] [main/DEBUG] [mixin.agent/]: Mixin class tocraft.walkers.mixin.accessor.IronGolemEntityAccessor added to class loader
[28Dec2025 00:23:28.098] [main/DEBUG] [mixin.agent/]: Mixin class tocraft.walkers.mixin.accessor.LivingEntityAccessor added to class loader
[28Dec2025 00:23:28.098] [main/DEBUG] [mixin.agent/]: Mixin class tocraft.walkers.mixin.accessor.MobEntityAccessor added to class loader
[28Dec2025 00:23:28.102] [main/DEBUG] [mixin.agent/]: Mixin class tocraft.walkers.mixin.accessor.ParrotEntityAccessor added to class loader
[28Dec2025 00:23:28.104] [main/DEBUG] [mixin.agent/]: Mixin class tocraft.walkers.mixin.accessor.PufferfishAccessor added to class loader
[28Dec2025 00:23:28.105] [main/DEBUG] [mixin.agent/]: Mixin class tocraft.walkers.mixin.accessor.RavagerEntityAccessor added to class loader
[28Dec2025 00:23:28.110] [main/DEBUG] [mixin.agent/]: Mixin class tocraft.walkers.mixin.accessor.SheepAccessor added to class loader
[28Dec2025 00:23:28.115] [main/DEBUG] [mixin.agent/]: Mixin class tocraft.walkers.mixin.accessor.ShulkerAccessor added to class loader
[28Dec2025 00:23:28.116] [main/DEBUG] [mixin.agent/]: Mixin class tocraft.walkers.mixin.accessor.SlimeEntityAccessor added to class loader
[28Dec2025 00:23:28.121] [main/DEBUG] [mixin.agent/]: Mixin class tocraft.walkers.mixin.accessor.SquidEntityAccessor added to class loader
[28Dec2025 00:23:28.124] [main/DEBUG] [mixin.agent/]: Mixin class tocraft.walkers.mixin.entity.BowItemMixin added to class loader
[28Dec2025 00:23:28.125] [main/DEBUG] [mixin.agent/]: Mixin class tocraft.walkers.mixin.player.PlayerByteStatusMixin added to class loader
[28Dec2025 00:23:28.126] [main/DEBUG] [mixin.agent/]: Mixin class tocraft.walkers.mixin.player.PlayerEntityAttackMixin added to class loader
[28Dec2025 00:23:28.128] [main/DEBUG] [mixin.agent/]: Mixin class tocraft.walkers.mixin.player.PlayerEntityDataMixin added to class loader
[28Dec2025 00:23:28.128] [main/DEBUG] [mixin.agent/]: Mixin class tocraft.walkers.mixin.player.PlayerEntityMixin added to class loader
[28Dec2025 00:23:28.129] [main/DEBUG] [mixin.agent/]: Mixin class tocraft.walkers.mixin.player.PlayerEntityTickMixin added to class loader
[28Dec2025 00:23:28.130] [main/DEBUG] [mixin.agent/]: Mixin class tocraft.walkers.mixin.player.PlayerSonicBoomMixin added to class loader
[28Dec2025 00:23:28.131] [main/DEBUG] [mixin.agent/]: Mixin class tocraft.walkers.mixin.player.PlayerSoundMixin added to class loader
[28Dec2025 00:23:28.134] [main/DEBUG] [mixin.agent/]: Mixin class tocraft.walkers.mixin.player.PlayerTrackingMixin added to class loader
[28Dec2025 00:23:28.135] [main/DEBUG] [mixin.agent/]: Mixin class tocraft.walkers.mixin.player.ServerPlayerEntityMixin added to class loader
[28Dec2025 00:23:28.167] [main/DEBUG] [mixin.agent/]: Mixin class tocraft.walkers.mixin.client.ClientEntityMixin added to class loader
[28Dec2025 00:23:28.171] [main/DEBUG] [mixin.agent/]: Mixin class tocraft.walkers.mixin.client.MouseHandlerMixin added to class loader
[28Dec2025 00:23:28.176] [main/DEBUG] [mixin.agent/]: Mixin class tocraft.walkers.mixin.client.PlayerEntityRendererMixin added to class loader
[28Dec2025 00:23:28.178] [main/DEBUG] [mixin.agent/]: Mixin class tocraft.walkers.mixin.client.RenderLayerMixin added to class loader
[28Dec2025 00:23:28.184] [main/DEBUG] [mixin.agent/]: Mixin class tocraft.walkers.mixin.client.ShadowMixin added to class loader
[28Dec2025 00:23:28.186] [main/DEBUG] [mixin.agent/]: Mixin class tocraft.walkers.mixin.client.WolfRendererMixin added to class loader
[28Dec2025 00:23:28.189] [main/DEBUG] [mixin.agent/]: Mixin class tocraft.walkers.mixin.client.accessor.BlazeEntityModelAccessor added to class loader
[28Dec2025 00:23:28.193] [main/DEBUG] [mixin.agent/]: Mixin class tocraft.walkers.mixin.client.accessor.EntityShadowAccessor added to class loader
[28Dec2025 00:23:28.197] [main/DEBUG] [mixin.agent/]: Mixin class tocraft.walkers.mixin.client.accessor.IllagerEntityModelAccessor added to class loader
[28Dec2025 00:23:28.198] [main/DEBUG] [mixin.agent/]: Mixin class tocraft.walkers.mixin.client.accessor.LimbAnimatorAccessor added to class loader
[28Dec2025 00:23:28.202] [main/DEBUG] [mixin.agent/]: Mixin class tocraft.walkers.mixin.client.accessor.LivingEntityRendererAccessor added to class loader
[28Dec2025 00:23:28.204] [main/DEBUG] [mixin.agent/]: Mixin class tocraft.walkers.mixin.client.accessor.LlamaEntityModelAccessor added to class loader
[28Dec2025 00:23:28.209] [main/DEBUG] [mixin.agent/]: Mixin class tocraft.walkers.mixin.client.accessor.OcelotEntityModelAccessor added to class loader
[28Dec2025 00:23:28.213] [main/DEBUG] [mixin.agent/]: Mixin class tocraft.walkers.mixin.client.accessor.QuadrupedEntityModelAccessor added to class loader
[28Dec2025 00:23:28.216] [main/DEBUG] [mixin.agent/]: Mixin class tocraft.walkers.mixin.client.accessor.RavagerEntityModelAccessor added to class loader
[28Dec2025 00:23:28.218] [main/DEBUG] [mixin.agent/]: Mixin class tocraft.walkers.mixin.client.accessor.SpiderEntityModelAccessor added to class loader
[28Dec2025 00:23:28.221] [main/DEBUG] [mixin.agent/]: Mixin class tocraft.walkers.mixin.client.accessor.SquidEntityModelAccessor added to class loader
[28Dec2025 00:23:28.227] [main/DEBUG] [mixin.agent/]: Mixin class tocraft.walkers.mixin.client.player.AbstractClientPlayerMixin added to class loader
[28Dec2025 00:23:28.232] [main/WARN] [mixin/]: Error loading class: net/bettercombat/compatibility/CompatibilityFlags (java.lang.ClassNotFoundException: net.bettercombat.compatibility.CompatibilityFlags)
[28Dec2025 00:23:28.232] [main/DEBUG] [mixin/]: Skipping virtual target net.bettercombat.compatibility.CompatibilityFlags for walkers.mixins.json:integrations.client.BetterCombatMixin
[28Dec2025 00:23:28.232] [main/INFO] [mixin/]: Preparing remorphed.mixins.json (3)
[28Dec2025 00:23:28.236] [main/DEBUG] [mixin.agent/]: Mixin class tocraft.remorphed.mixin.PlayerEntityMixin added to class loader
[28Dec2025 00:23:28.236] [main/DEBUG] [mixin.agent/]: Mixin class tocraft.remorphed.mixin.ServerEntityMixin added to class loader
[28Dec2025 00:23:28.244] [main/DEBUG] [mixin.agent/]: Mixin class tocraft.remorphed.mixin.accessor.ScreenAccessor added to class loader
[28Dec2025 00:23:28.245] [main/INFO] [mixin/]: Preparing mixins.cobblemon-forge.json (1)
[28Dec2025 00:23:28.249] [main/DEBUG] [mixin.agent/]: Mixin class com.cobblemon.mod.forge.mixin.LootManagerMixin added to class loader
[28Dec2025 00:23:28.250] [main/INFO] [mixin/]: Preparing mixins.cobblemon-common.json (40)
[28Dec2025 00:23:28.286] [main/DEBUG] [mixin.agent/]: Mixin class com.cobblemon.mod.common.mixin.CrashReportMixin added to class loader
[28Dec2025 00:23:28.289] [main/DEBUG] [mixin.agent/]: Mixin class com.cobblemon.mod.common.mixin.DecoratedPotPatternsMixin added to class loader
[28Dec2025 00:23:28.290] [main/DEBUG] [mixin.agent/]: Mixin class com.cobblemon.mod.common.mixin.EntityVillagerMixin added to class loader
[28Dec2025 00:23:28.294] [main/DEBUG] [mixin.agent/]: Mixin class com.cobblemon.mod.common.mixin.ExplosionMixin added to class loader
[28Dec2025 00:23:28.295] [main/DEBUG] [mixin.agent/]: Mixin class com.cobblemon.mod.common.mixin.LivingEntityMixin added to class loader
[28Dec2025 00:23:28.310] [main/DEBUG] [mixin.agent/]: Mixin class com.cobblemon.mod.common.mixin.MinecraftDedicatedServerMixin added to class loader
[28Dec2025 00:23:28.311] [main/DEBUG] [mixin.agent/]: Mixin class com.cobblemon.mod.common.mixin.PiglinBarterMixin added to class loader
[28Dec2025 00:23:28.316] [main/DEBUG] [mixin.agent/]: Mixin class com.cobblemon.mod.common.mixin.PiglinEntityMixin added to class loader
[28Dec2025 00:23:28.317] [main/DEBUG] [mixin.agent/]: Mixin class com.cobblemon.mod.common.mixin.PlayerMixin added to class loader
[28Dec2025 00:23:28.322] [main/DEBUG] [mixin.agent/]: Mixin class com.cobblemon.mod.common.mixin.PointedDripstoneBlockMixin added to class loader
[28Dec2025 00:23:28.324] [main/DEBUG] [mixin.agent/]: Mixin class com.cobblemon.mod.common.mixin.ShearsDispenserBehaviorMixin added to class loader
[28Dec2025 00:23:28.338] [main/DEBUG] [mixin.agent/]: Mixin class com.cobblemon.mod.common.mixin.StructurePoolAccessor added to class loader
[28Dec2025 00:23:28.346] [main/DEBUG] [mixin.agent/]: Mixin class com.cobblemon.mod.common.mixin.StructurePoolGeneratorMixin added to class loader
[28Dec2025 00:23:28.349] [main/DEBUG] [mixin.agent/]: Mixin class com.cobblemon.mod.common.mixin.StructureProcessorListMixin added to class loader
[28Dec2025 00:23:28.350] [main/DEBUG] [mixin.agent/]: Mixin class com.cobblemon.mod.common.mixin.accessor.AccessorEntity added to class loader
[28Dec2025 00:23:28.355] [main/DEBUG] [mixin.agent/]: Mixin class com.cobblemon.mod.common.mixin.accessor.BoatEntityAccessor added to class loader
[28Dec2025 00:23:28.362] [main/DEBUG] [net.minecraftforge.coremod.transformer.CoreModBaseTransformer/COREMOD]: Transforming net/minecraft/world/effect/MobEffectInstance
[28Dec2025 00:23:28.378] [main/DEBUG] [mixin.agent/]: Mixin class com.cobblemon.mod.common.mixin.accessor.StatusEffectInstanceAccessor added to class loader
[28Dec2025 00:23:28.383] [main/DEBUG] [mixin.agent/]: Mixin class com.cobblemon.mod.common.mixin.entity.TameableEntityMixin added to class loader
[28Dec2025 00:23:28.386] [main/WARN] [mixin/]: Error loading class: juuxel/adorn/block/variant/BlockVariantSets (java.lang.ClassNotFoundException: juuxel.adorn.block.variant.BlockVariantSets)
[28Dec2025 00:23:28.387] [main/WARN] [mixin/]: @Mixin target juuxel.adorn.block.variant.BlockVariantSets was not found mixins.cobblemon-common.json:invoker.AdornRegisterInvoker
[28Dec2025 00:23:28.428] [main/DEBUG] [mixin.agent/]: Mixin class com.cobblemon.mod.common.mixin.invoker.BlocksInvoker added to class loader
[28Dec2025 00:23:28.431] [main/DEBUG] [mixin.agent/]: Mixin class com.cobblemon.mod.common.mixin.invoker.BooleanRuleInvoker added to class loader
[28Dec2025 00:23:28.436] [main/DEBUG] [mixin.agent/]: Mixin class com.cobblemon.mod.common.mixin.invoker.DoorBlockInvoker added to class loader
[28Dec2025 00:23:28.443] [main/DEBUG] [mixin.agent/]: Mixin class com.cobblemon.mod.common.mixin.invoker.FireBlockInvoker added to class loader
[28Dec2025 00:23:28.449] [main/DEBUG] [mixin.agent/]: Mixin class com.cobblemon.mod.common.mixin.invoker.PressurePlateBlockInvoker added to class loader
[28Dec2025 00:23:28.454] [main/DEBUG] [net.minecraftforge.coremod.transformer.CoreModBaseTransformer/COREMOD]: Transforming net/minecraft/world/level/block/StairBlock
[28Dec2025 00:23:28.472] [main/DEBUG] [mixin.agent/]: Mixin class com.cobblemon.mod.common.mixin.invoker.StairsBlockInvoker added to class loader
[28Dec2025 00:23:28.477] [main/DEBUG] [mixin.agent/]: Mixin class com.cobblemon.mod.common.mixin.invoker.TrapdoorBlockInvoker added to class loader
[28Dec2025 00:23:28.483] [main/DEBUG] [mixin.agent/]: Mixin class com.cobblemon.mod.common.mixin.pokeball.ThrownEntityMixin added to class loader
[28Dec2025 00:23:28.524] [main/DEBUG] [mixin.agent/]: Mixin class com.cobblemon.mod.common.mixin.BuiltinModelItemRendererMixin added to class loader
[28Dec2025 00:23:28.527] [main/DEBUG] [mixin.agent/]: Mixin class com.cobblemon.mod.common.mixin.EntityRenderDispatcherMixin added to class loader
[28Dec2025 00:23:28.541] [main/DEBUG] [mixin.agent/]: Mixin class com.cobblemon.mod.common.mixin.GameRendererMixin added to class loader
[28Dec2025 00:23:28.547] [main/DEBUG] [mixin.agent/]: Mixin class com.cobblemon.mod.common.mixin.ModelLoaderMixin added to class loader
[28Dec2025 00:23:28.550] [main/DEBUG] [mixin.agent/]: Mixin class com.cobblemon.mod.common.mixin.ModelPartMixin added to class loader
[28Dec2025 00:23:28.554] [main/DEBUG] [mixin.agent/]: Mixin class com.cobblemon.mod.common.mixin.MusicTrackerMixin added to class loader
[28Dec2025 00:23:28.562] [main/DEBUG] [mixin.agent/]: Mixin class com.cobblemon.mod.common.mixin.ParticleManagerMixin added to class loader
[28Dec2025 00:23:28.563] [main/DEBUG] [mixin.agent/]: Mixin class com.cobblemon.mod.common.mixin.PartyScrollMixin added to class loader
[28Dec2025 00:23:28.566] [main/DEBUG] [mixin.agent/]: Mixin class com.cobblemon.mod.common.mixin.SoundManagerMixin added to class loader
[28Dec2025 00:23:28.573] [main/DEBUG] [mixin.agent/]: Mixin class com.cobblemon.mod.common.mixin.SoundSystemMixin added to class loader
[28Dec2025 00:23:28.578] [main/DEBUG] [mixin.agent/]: Mixin class com.cobblemon.mod.common.mixin.accessor.KeyBindingAccessor added to class loader
[28Dec2025 00:23:28.579] [main/DEBUG] [mixin.agent/]: Mixin class com.cobblemon.mod.common.mixin.invoker.ClientPlayNetworkHandlerInvoker added to class loader
[28Dec2025 00:23:28.583] [main/DEBUG] [mixin.agent/]: Mixin class com.cobblemon.mod.common.mixin.pokeball.ItemRendererMixin added to class loader
[28Dec2025 00:23:28.809] [main/INFO] [mixin/]: Prepared 128 mixins in 2.271 sec (17.7ms avg) (0ms load, 0ms transform, 0ms plugin)
[28Dec2025 00:23:28.922] [main/INFO] [MixinExtras|Service/]: Initializing MixinExtras via com.llamalad7.mixinextras.service.MixinExtrasServiceImpl(version=0.4.1).
[28Dec2025 00:23:28.931] [main/DEBUG] [mixin/]: Registering new injector for @SugarWrapper with com.llamalad7.mixinextras.sugar.impl.SugarWrapperInjectionInfo
[28Dec2025 00:23:28.932] [main/DEBUG] [mixin/]: Registering new injector for @FactoryRedirectWrapper with com.llamalad7.mixinextras.wrapper.factory.FactoryRedirectWrapperInjectionInfo
[28Dec2025 00:23:28.951] [main/INFO] [mixin/]: Mixing client.MinecraftMixin from craftedcore.mixins.json into net.minecraft.client.Minecraft
[28Dec2025 00:23:30.382] [main/DEBUG] [io.netty.util.internal.logging.InternalLoggerFactory/]: Using SLF4J as the default logging framework
[28Dec2025 00:23:30.387] [main/DEBUG] [io.netty.util.ResourceLeakDetector/]: -Dio.netty.leakDetection.level: simple
[28Dec2025 00:23:30.388] [main/DEBUG] [io.netty.util.ResourceLeakDetector/]: -Dio.netty.leakDetection.targetRecords: 4
[28Dec2025 00:23:30.613] [main/INFO] [mixin/]: Mixing CrashReportMixin from craftedcore.mixins.json into net.minecraft.CrashReport
[28Dec2025 00:23:30.621] [main/FATAL] [MixinProcessor/]: /***************************************************************************************************************************************************************************/
[28Dec2025 00:23:30.621] [main/FATAL] [MixinProcessor/]: /*                                                                              Invalid Mixin                                                                              */
[28Dec2025 00:23:30.621] [main/FATAL] [MixinProcessor/]: /*-------------------------------------------------------------------------------------------------------------------------------------------------------------------------*/
[28Dec2025 00:23:30.622] [main/FATAL] [MixinProcessor/]: /*     Action : APPLY                                                                                                                                                      */
[28Dec2025 00:23:30.622] [main/FATAL] [MixinProcessor/]: /*      Mixin : tocraft.craftedcore.mixin.CrashReportMixin                                                                                                                 */
[28Dec2025 00:23:30.622] [main/FATAL] [MixinProcessor/]: /*     Config : craftedcore.mixins.json                                                                                                                                    */
[28Dec2025 00:23:30.622] [main/FATAL] [MixinProcessor/]: /*      Phase : DEFAULT                                                                                                                                                    */
[28Dec2025 00:23:30.623] [main/FATAL] [MixinProcessor/]: /*-------------------------------------------------------------------------------------------------------------------------------------------------------------------------*/
[28Dec2025 00:23:30.623] [main/FATAL] [MixinProcessor/]: /*     org.spongepowered.asm.mixin.transformer.throwables.InvalidMixinException                                                                                            */
[28Dec2025 00:23:30.623] [main/FATAL] [MixinProcessor/]: /*-------------------------------------------------------------------------------------------------------------------------------------------------------------------------*/
[28Dec2025 00:23:30.623] [main/FATAL] [MixinProcessor/]: /*     @Shadow field f_127506_ was not located in the target class net.minecraft.CrashReport. No refMap loaded.                                                            */
[28Dec2025 00:23:30.623] [main/FATAL] [MixinProcessor/]: /*-------------------------------------------------------------------------------------------------------------------------------------------------------------------------*/
[28Dec2025 00:23:30.624] [main/FATAL] [MixinProcessor/]: /*     org.spongepowered.asm.mixin.transformer.throwables.InvalidMixinException: @Shadow field f_127506_ was not located in the target class                               */
[28Dec2025 00:23:30.624] [main/FATAL] [MixinProcessor/]: /*     net.minecraft.CrashReport. No refMap loaded.                                                                                                                        */
[28Dec2025 00:23:30.624] [main/FATAL] [MixinProcessor/]: /*         MC-BOOTSTRAP/org.spongepowered.mixin/org.spongepowered.asm.mixin.transformer.MixinPreProcessorStandard.attachFields(MixinPreProcessorStandard.java:629)         */
[28Dec2025 00:23:30.624] [main/FATAL] [MixinProcessor/]: /*         MC-BOOTSTRAP/org.spongepowered.mixin/org.spongepowered.asm.mixin.transformer.MixinPreProcessorStandard.attach(MixinPreProcessorStandard.java:305)               */
[28Dec2025 00:23:30.624] [main/FATAL] [MixinProcessor/]: /*         MC-BOOTSTRAP/org.spongepowered.mixin/org.spongepowered.asm.mixin.transformer.MixinPreProcessorStandard.createContextFor(MixinPreProcessorStandard.java:280)     */
[28Dec2025 00:23:30.625] [main/FATAL] [MixinProcessor/]: /*         MC-BOOTSTRAP/org.spongepowered.mixin/org.spongepowered.asm.mixin.transformer.MixinInfo.createContextFor(MixinInfo.java:1288)                                    */
[28Dec2025 00:23:30.625] [main/FATAL] [MixinProcessor/]: /*         MC-BOOTSTRAP/org.spongepowered.mixin/org.spongepowered.asm.mixin.transformer.MixinApplicatorStandard.apply(MixinApplicatorStandard.java:185)                    */
[28Dec2025 00:23:30.625] [main/FATAL] [MixinProcessor/]: /*         MC-BOOTSTRAP/org.spongepowered.mixin/org.spongepowered.asm.mixin.transformer.TargetClassContext.apply(TargetClassContext.java:398)                              */
[28Dec2025 00:23:30.626] [main/FATAL] [MixinProcessor/]: /*         MC-BOOTSTRAP/org.spongepowered.mixin/org.spongepowered.asm.mixin.transformer.TargetClassContext.applyMixins(TargetClassContext.java:380)                        */
[28Dec2025 00:23:30.626] [main/FATAL] [MixinProcessor/]: /*         MC-BOOTSTRAP/org.spongepowered.mixin/org.spongepowered.asm.mixin.transformer.MixinProcessor.applyMixins(MixinProcessor.java:363)                                */
[28Dec2025 00:23:30.626] [main/FATAL] [MixinProcessor/]: /*         MC-BOOTSTRAP/org.spongepowered.mixin/org.spongepowered.asm.mixin.transformer.MixinTransformer.transformClass(MixinTransformer.java:250)                         */
[28Dec2025 00:23:30.626] [main/FATAL] [MixinProcessor/]: /*         MC-BOOTSTRAP/org.spongepowered.mixin/org.spongepowered.asm.service.modlauncher.MixinTransformationHandler.processClass(MixinTransformationHandler.java:131)     */
[28Dec2025 00:23:30.626] [main/FATAL] [MixinProcessor/]: /*         MC-BOOTSTRAP/org.spongepowered.mixin/org.spongepowered.asm.launch.MixinLaunchPluginLegacy.processClass(MixinLaunchPluginLegacy.java:131)                        */
[28Dec2025 00:23:30.626] [main/FATAL] [MixinProcessor/]: /*         MC-BOOTSTRAP/cpw.mods.modlauncher@10.0.9/cpw.mods.modlauncher.serviceapi.ILaunchPluginService.processClassWithFlags(ILaunchPluginService.java:156)              */
[28Dec2025 00:23:30.626] [main/FATAL] [MixinProcessor/]: /*         MC-BOOTSTRAP/cpw.mods.modlauncher@10.0.9/cpw.mods.modlauncher.LaunchPluginHandler.offerClassNodeToPlugins(LaunchPluginHandler.java:88)                          */
[28Dec2025 00:23:30.626] [main/FATAL] [MixinProcessor/]: /*         MC-BOOTSTRAP/cpw.mods.modlauncher@10.0.9/cpw.mods.modlauncher.ClassTransformer.transform(ClassTransformer.java:120)                                             */
[28Dec2025 00:23:30.626] [main/FATAL] [MixinProcessor/]: /*         MC-BOOTSTRAP/cpw.mods.modlauncher@10.0.9/cpw.mods.modlauncher.TransformingClassLoader.maybeTransformClassBytes(TransformingClassLoader.java:50)                 */
[28Dec2025 00:23:30.627] [main/FATAL] [MixinProcessor/]: /*         cpw.mods.securejarhandler/cpw.mods.cl.ModuleClassLoader.readerToClass(ModuleClassLoader.java:113)                                                               */
[28Dec2025 00:23:30.627] [main/FATAL] [MixinProcessor/]: /*         cpw.mods.securejarhandler/cpw.mods.cl.ModuleClassLoader.lambda$findClass$15(ModuleClassLoader.java:219)                                                         */
[28Dec2025 00:23:30.627] [main/FATAL] [MixinProcessor/]: /*         cpw.mods.securejarhandler/cpw.mods.cl.ModuleClassLoader.loadFromModule(ModuleClassLoader.java:229)                                                              */
[28Dec2025 00:23:30.627] [main/FATAL] [MixinProcessor/]: /*         cpw.mods.securejarhandler/cpw.mods.cl.ModuleClassLoader.findClass(ModuleClassLoader.java:219)                                                                   */
[28Dec2025 00:23:30.627] [main/FATAL] [MixinProcessor/]: /*         cpw.mods.securejarhandler/cpw.mods.cl.ModuleClassLoader.loadClass(ModuleClassLoader.java:135)                                                                   */
[28Dec2025 00:23:30.627] [main/FATAL] [MixinProcessor/]: /*         java.base/java.lang.ClassLoader.loadClass(ClassLoader.java:525)                                                                                                 */
[28Dec2025 00:23:30.628] [main/FATAL] [MixinProcessor/]: /*         TRANSFORMER/minecraft@1.20.1/net.minecraft.client.main.Main.main(Main.java:149)                                                                                 */
[28Dec2025 00:23:30.628] [main/FATAL] [MixinProcessor/]: /*         java.base/jdk.internal.reflect.NativeMethodAccessorImpl.invoke0(Native Method)                                                                                  */
[28Dec2025 00:23:30.628] [main/FATAL] [MixinProcessor/]: /*         java.base/jdk.internal.reflect.NativeMethodAccessorImpl.invoke(NativeMethodAccessorImpl.java:77)                                                                */
[28Dec2025 00:23:30.628] [main/FATAL] [MixinProcessor/]: /*         java.base/jdk.internal.reflect.DelegatingMethodAccessorImpl.invoke(DelegatingMethodAccessorImpl.java:43)                                                        */
[28Dec2025 00:23:30.628] [main/FATAL] [MixinProcessor/]: /*         java.base/java.lang.reflect.Method.invoke(Method.java:568)                                                                                                      */
[28Dec2025 00:23:30.629] [main/FATAL] [MixinProcessor/]: /*         MC-BOOTSTRAP/fmlloader@1.20.1-47.4.9/net.minecraftforge.fml.loading.targets.CommonLaunchHandler.runTarget(CommonLaunchHandler.java:111)                         */
[28Dec2025 00:23:30.629] [main/FATAL] [MixinProcessor/]: /*         MC-BOOTSTRAP/fmlloader@1.20.1-47.4.9/net.minecraftforge.fml.loading.targets.CommonLaunchHandler.clientService(CommonLaunchHandler.java:99)                      */
[28Dec2025 00:23:30.629] [main/FATAL] [MixinProcessor/]: /*         MC-BOOTSTRAP/fmlloader@1.20.1-47.4.9/net.minecraftforge.fml.loading.targets.ForgeClientUserdevLaunchHandler.devService(ForgeClientUserdevLaunchHandler.java:19) */
[28Dec2025 00:23:30.629] [main/FATAL] [MixinProcessor/]: /*         MC-BOOTSTRAP/fmlloader@1.20.1-47.4.9/net.minecraftforge.fml.loading.targets.CommonDevLaunchHandler.lambda$makeService$7(CommonDevLaunchHandler.java:135)        */
[28Dec2025 00:23:30.629] [main/FATAL] [MixinProcessor/]: /*         MC-BOOTSTRAP/cpw.mods.modlauncher@10.0.9/cpw.mods.modlauncher.LaunchServiceHandlerDecorator.launch(LaunchServiceHandlerDecorator.java:30)                       */
[28Dec2025 00:23:30.629] [main/FATAL] [MixinProcessor/]: /*         MC-BOOTSTRAP/cpw.mods.modlauncher@10.0.9/cpw.mods.modlauncher.LaunchServiceHandler.launch(LaunchServiceHandler.java:53)                                         */
[28Dec2025 00:23:30.629] [main/FATAL] [MixinProcessor/]: /*         MC-BOOTSTRAP/cpw.mods.modlauncher@10.0.9/cpw.mods.modlauncher.LaunchServiceHandler.launch(LaunchServiceHandler.java:71)                                         */
[28Dec2025 00:23:30.629] [main/FATAL] [MixinProcessor/]: /*         MC-BOOTSTRAP/cpw.mods.modlauncher@10.0.9/cpw.mods.modlauncher.Launcher.run(Launcher.java:108)                                                                   */
[28Dec2025 00:23:30.629] [main/FATAL] [MixinProcessor/]: /*         MC-BOOTSTRAP/cpw.mods.modlauncher@10.0.9/cpw.mods.modlauncher.Launcher.main(Launcher.java:78)                                                                   */
[28Dec2025 00:23:30.630] [main/FATAL] [MixinProcessor/]: /*         MC-BOOTSTRAP/cpw.mods.modlauncher@10.0.9/cpw.mods.modlauncher.BootstrapLaunchConsumer.accept(BootstrapLaunchConsumer.java:26)                                   */
[28Dec2025 00:23:30.630] [main/FATAL] [MixinProcessor/]: /*         MC-BOOTSTRAP/cpw.mods.modlauncher@10.0.9/cpw.mods.modlauncher.BootstrapLaunchConsumer.accept(BootstrapLaunchConsumer.java:23)                                   */
[28Dec2025 00:23:30.630] [main/FATAL] [MixinProcessor/]: /*         cpw.mods.bootstraplauncher@1.1.2/cpw.mods.bootstraplauncher.BootstrapLauncher.main(BootstrapLauncher.java:141)                                                  */
[28Dec2025 00:23:30.630] [main/FATAL] [MixinProcessor/]: /***************************************************************************************************************************************************************************/
[28Dec2025 00:23:30.630] [main/FATAL] [mixin/]: Mixin apply failed craftedcore.mixins.json:CrashReportMixin -> net.minecraft.CrashReport: org.spongepowered.asm.mixin.transformer.throwables.InvalidMixinException @Shadow field f_127506_ was not located in the target class net.minecraft.CrashReport. No refMap loaded.
org.spongepowered.asm.mixin.transformer.throwables.InvalidMixinException: @Shadow field f_127506_ was not located in the target class net.minecraft.CrashReport. No refMap loaded.
	at org.spongepowered.asm.mixin.transformer.MixinPreProcessorStandard.attachFields(MixinPreProcessorStandard.java:629) ~[mixin-0.8.6.jar:0.8.6+Jenkins-b315.git-2c9a96700c879eb33dba214e945d84ba2488b0ad]
	at org.spongepowered.asm.mixin.transformer.MixinPreProcessorStandard.attach(MixinPreProcessorStandard.java:305) ~[mixin-0.8.6.jar:0.8.6+Jenkins-b315.git-2c9a96700c879eb33dba214e945d84ba2488b0ad]
	at org.spongepowered.asm.mixin.transformer.MixinPreProcessorStandard.createContextFor(MixinPreProcessorStandard.java:280) ~[mixin-0.8.6.jar:0.8.6+Jenkins-b315.git-2c9a96700c879eb33dba214e945d84ba2488b0ad]
	at org.spongepowered.asm.mixin.transformer.MixinInfo.createContextFor(MixinInfo.java:1288) ~[mixin-0.8.6.jar:0.8.6+Jenkins-b315.git-2c9a96700c879eb33dba214e945d84ba2488b0ad]
	at org.spongepowered.asm.mixin.transformer.MixinApplicatorStandard.apply(MixinApplicatorStandard.java:185) ~[mixin-0.8.6.jar:0.8.6+Jenkins-b315.git-2c9a96700c879eb33dba214e945d84ba2488b0ad]
	at org.spongepowered.asm.mixin.transformer.TargetClassContext.apply(TargetClassContext.java:398) ~[mixin-0.8.6.jar:0.8.6+Jenkins-b315.git-2c9a96700c879eb33dba214e945d84ba2488b0ad]
	at org.spongepowered.asm.mixin.transformer.TargetClassContext.applyMixins(TargetClassContext.java:380) ~[mixin-0.8.6.jar:0.8.6+Jenkins-b315.git-2c9a96700c879eb33dba214e945d84ba2488b0ad]
	at org.spongepowered.asm.mixin.transformer.MixinProcessor.applyMixins(MixinProcessor.java:363) ~[mixin-0.8.6.jar:0.8.6+Jenkins-b315.git-2c9a96700c879eb33dba214e945d84ba2488b0ad]
	at org.spongepowered.asm.mixin.transformer.MixinTransformer.transformClass(MixinTransformer.java:250) ~[mixin-0.8.6.jar:0.8.6+Jenkins-b315.git-2c9a96700c879eb33dba214e945d84ba2488b0ad]
	at org.spongepowered.asm.service.modlauncher.MixinTransformationHandler.processClass(MixinTransformationHandler.java:131) ~[mixin-0.8.6.jar:0.8.6+Jenkins-b315.git-2c9a96700c879eb33dba214e945d84ba2488b0ad]
	at org.spongepowered.asm.launch.MixinLaunchPluginLegacy.processClass(MixinLaunchPluginLegacy.java:131) ~[mixin-0.8.6.jar:0.8.6+Jenkins-b315.git-2c9a96700c879eb33dba214e945d84ba2488b0ad]
	at cpw.mods.modlauncher.serviceapi.ILaunchPluginService.processClassWithFlags(ILaunchPluginService.java:156) ~[modlauncher-10.0.9.jar:10.0.9+10.0.9+main.dcd20f30]
	at cpw.mods.modlauncher.LaunchPluginHandler.offerClassNodeToPlugins(LaunchPluginHandler.java:88) ~[modlauncher-10.0.9.jar:?]
	at cpw.mods.modlauncher.ClassTransformer.transform(ClassTransformer.java:120) ~[modlauncher-10.0.9.jar:?]
	at cpw.mods.modlauncher.TransformingClassLoader.maybeTransformClassBytes(TransformingClassLoader.java:50) ~[modlauncher-10.0.9.jar:?]
	at cpw.mods.cl.ModuleClassLoader.readerToClass(ModuleClassLoader.java:113) ~[securejarhandler-2.1.10.jar:?]
	at cpw.mods.cl.ModuleClassLoader.lambda$findClass$15(ModuleClassLoader.java:219) ~[securejarhandler-2.1.10.jar:?]
	at cpw.mods.cl.ModuleClassLoader.loadFromModule(ModuleClassLoader.java:229) ~[securejarhandler-2.1.10.jar:?]
	at cpw.mods.cl.ModuleClassLoader.findClass(ModuleClassLoader.java:219) ~[securejarhandler-2.1.10.jar:?]
	at cpw.mods.cl.ModuleClassLoader.loadClass(ModuleClassLoader.java:135) ~[securejarhandler-2.1.10.jar:?]
	at java.lang.ClassLoader.loadClass(ClassLoader.java:525) ~[?:?]
	at net.minecraft.client.main.Main.main(Main.java:149) ~[forge-1.20.1-47.4.9_mapped_parchment_2023.09.03-1.20.1-recomp.jar:?]
	at jdk.internal.reflect.NativeMethodAccessorImpl.invoke0(Native Method) ~[?:?]
	at jdk.internal.reflect.NativeMethodAccessorImpl.invoke(NativeMethodAccessorImpl.java:77) ~[?:?]
	at jdk.internal.reflect.DelegatingMethodAccessorImpl.invoke(DelegatingMethodAccessorImpl.java:43) ~[?:?]
	at java.lang.reflect.Method.invoke(Method.java:568) ~[?:?]
	at net.minecraftforge.fml.loading.targets.CommonLaunchHandler.runTarget(CommonLaunchHandler.java:111) ~[fmlloader-1.20.1-47.4.9.jar:?]
	at net.minecraftforge.fml.loading.targets.CommonLaunchHandler.clientService(CommonLaunchHandler.java:99) ~[fmlloader-1.20.1-47.4.9.jar:?]
	at net.minecraftforge.fml.loading.targets.ForgeClientUserdevLaunchHandler.devService(ForgeClientUserdevLaunchHandler.java:19) ~[fmlloader-1.20.1-47.4.9.jar:?]
	at net.minecraftforge.fml.loading.targets.CommonDevLaunchHandler.lambda$makeService$7(CommonDevLaunchHandler.java:135) ~[fmlloader-1.20.1-47.4.9.jar:?]
	at cpw.mods.modlauncher.LaunchServiceHandlerDecorator.launch(LaunchServiceHandlerDecorator.java:30) ~[modlauncher-10.0.9.jar:?]
	at cpw.mods.modlauncher.LaunchServiceHandler.launch(LaunchServiceHandler.java:53) ~[modlauncher-10.0.9.jar:?]
	at cpw.mods.modlauncher.LaunchServiceHandler.launch(LaunchServiceHandler.java:71) ~[modlauncher-10.0.9.jar:?]
	at cpw.mods.modlauncher.Launcher.run(Launcher.java:108) ~[modlauncher-10.0.9.jar:?]
	at cpw.mods.modlauncher.Launcher.main(Launcher.java:78) ~[modlauncher-10.0.9.jar:?]
	at cpw.mods.modlauncher.BootstrapLaunchConsumer.accept(BootstrapLaunchConsumer.java:26) ~[modlauncher-10.0.9.jar:?]
	at cpw.mods.modlauncher.BootstrapLaunchConsumer.accept(BootstrapLaunchConsumer.java:23) ~[modlauncher-10.0.9.jar:?]
	at cpw.mods.bootstraplauncher.BootstrapLauncher.main(BootstrapLauncher.java:141) ~[bootstraplauncher-1.1.2.jar:?]
